race_id,goal_order, start_number, horse_name, horse_age, weight,jockey_id,single_odds,hourse_weight,weight_change
202203020101,1,6,バルンストック,5,57.0,01196,3.8,474,-10,1.7
202203020101,2,10,アポロファントム,5,60.0,00727,18.9,452,-4,6.0
202203020101,3,8,ドラウプニル,6,60.0,01149,4.7,488,+8,1.85
202203020101,4,2,ブラックジャッカル,4,60.0,01101,19.1,462,0,5.0
202203020101,5,12,カツジ,7,60.0,01035,10.0,492,-14,4.15
202203020101,6,4,プレイヤーサムソン,9,60.0,01023,39.1,470,-20,6.65
202203020101,7,5,アイファーチーター,4,60.0,01068,198.7,466,0,50.95
202203020101,8,7,マイネルグロース,4,60.0,01123,20.1,460,-8,6.3
202203020101,9,9,ヴィクトリーレーン,5,60.0,01059,21.1,450,-22,5.75
202203020101,10,1,ピュアヒカリ,6,60.0,01120,11.1,450,-2,3.1
202203020101,11,3,マイネルバッカーノ,6,60.0,01061,82.0,498,-8,20.799999999999997
202203020102,1,13,ラートリー,3,54.0,01075,2.1,438,-4,1.2000000000000002
202203020102,2,12,キットクル,3,54.0,01153,11.8,444,-12,3.0999999999999996
202203020102,3,10,イモータルフェイム,3,54.0,01179,4.3,454,-12,1.7
202203020102,4,3,リーディングラン,3,54.0,00733,63.1,468,-10,10.5
202203020102,5,6,ソニンクヴァース,3,54.0,01169,9.6,484,-8,2.55
202203020102,6,8,エメラルセシリア,3,52.0,01188,8.6,420,-14,2.5
202203020102,7,5,ヨーコマイラヴ,3,54.0,01162,195.7,456,-12,28.049999999999997
202203020102,8,11,ニケテア,3,51.0,01197,90.3,446,-4,13.799999999999999
202203020102,9,15,ネイチャーミヤビ,3,52.0,01164,12.0,498,-12,3.0999999999999996
202203020102,10,9,キタノズーナクア,3,54.0,00689,28.8,448,-6,7.75
202203020102,11,4,ファディッシュ,3,54.0,01077,64.5,434,-2,11.3
202203020102,12,1,ソメット,3,51.0,01183,103.5,416,+12,21.1
202203020102,13,7,マイスイートハート,3,54.0,01117,30.8,494,-6,5.699999999999999
202203020102,14,2,カハラオプナ,3,54.0,01092,65.8,490,-6,13.950000000000001
202203020102,15,14,マリノヴィーナス,3,51.0,01184,45.6,460,0,10.6
202203020103,1,8,サラフィエル,3,56.0,01161,2.1,436,+2,1.25
202203020103,2,5,ヤサカシュエット,3,54.0,01169,38.8,472,+2,8.05
202203020103,3,14,クロシェノワール,3,51.0,01184,16.3,500,+16,4.4
202203020103,4,13,サンマルディライト,3,56.0,05386,5.6,456,0,1.75
202203020103,5,1,サイモンソーラン,3,56.0,00733,15.3,474,-6,3.3
202203020103,6,10,ジャスティンダイヤ,3,54.0,01188,23.2,490,0,5.8
202203020103,7,9,キタノポーションズ,3,54.0,01029,155.8,402,-8,16.4
202203020103,8,15,ウェルシュゴールド,3,54.0,01009,123.1,474,+6,18.95
202203020103,9,12,チュラーダ,3,54.0,05212,21.8,400,+2,5.3
202203020103,10,2,ローゼンヴォルフ,3,56.0,01158,76.1,508,-8,17.4
202203020103,11,7,ガンガディン,3,56.0,01179,14.6,466,+6,3.0
202203020103,12,4,アオイトランプ,3,56.0,01162,179.2,470,+4,40.9
202203020103,13,11,ブレスク,3,56.0,00422,26.6,510,-12,5.4
202203020103,14,6,フィアーミー,3,56.0,01143,228.6,506,0,54.4
202203020103,15,3,マサノカヴァリエ,3,56.0,01122,4.3,486,+10,1.9
202203020104,1,10,ナギサ,4,58.0,01139,5.9,496,0,2.1
202203020104,2,5,マイネルパラディ,8,60.0,01067,15.2,464,-20,4.0
202203020104,3,9,リバーシブルレーン,6,60.0,01059,8.6,438,-8,2.4
202203020104,4,6,ショウナンサルヴォ,4,60.0,01035,7.6,500,-12,2.4
202203020104,5,2,ドリームソルジャー,8,60.0,00727,2.6,488,-2,1.5
202203020104,6,7,フィードバック,6,60.0,01113,38.3,490,-6,7.85
202203020104,7,11,テイエムコンドル,11,60.0,01149,13.6,460,-8,3.5
202203020104,8,1,クライムメジャー,8,60.0,01063,17.1,520,-6,4.95
202203020104,9,4,パリカラノテガミ,11,62.0,01120,17.0,446,-16,4.45
202203020104,10,3,ポルタフォリオ,4,60.0,01066,152.6,496,-2,31.55
202203020104,11,12,メイショウギガース,8,60.0,01101,74.1,472,-16,17.35
202203020104,12,8,アルトリウス,8,60.0,01068,113.7,466,-6,16.95
202203020104,13,13,スズカメジャー,8,60.0,00691,6.7,510,-6,2.3
202203020105,1,13,ナックブレイブ,2,54.0,01162,12.7,470,0,2.95
202203020105,2,4,ブーケファロス,2,52.0,01188,23.8,426,0,4.55
202203020105,3,2,シナロアテソーロ,2,54.0,05386,7.5,442,0,1.95
202203020105,4,7,キタウイング,2,54.0,01135,38.5,432,0,7.1
202203020105,5,10,ストリートジャガー,2,54.0,01150,24.2,482,0,4.55
202203020105,6,8,ビルカール,2,54.0,00641,52.0,454,0,9.7
202203020105,7,6,グラスヴィガー,2,54.0,01092,1.9,460,0,1.2000000000000002
202203020105,8,5,サンセットベリー,2,51.0,01184,138.4,438,0,32.5
202203020105,9,15,ネバレチュゴー,2,54.0,01085,71.0,502,0,10.95
202203020105,10,11,ニシノメラーキ,2,54.0,00422,75.1,428,0,11.55
202203020105,11,12,クリイロ,2,54.0,01122,5.5,394,0,1.9
202203020105,12,9,リュウノステルス,2,54.0,01179,11.7,426,0,2.65
202203020105,13,1,テイエムリオンディ,2,54.0,01029,127.6,490,0,26.0
202203020105,14,14,シェイクオンイット,2,54.0,01161,174.2,466,0,31.45
202203020105,15,3,ハスノミ,2,51.0,01183,184.4,424,0,35.0
202203020106,1,9,バグラダス,2,54.0,05386,2.3,468,0,1.3
202203020106,2,4,トモジャミ,2,54.0,01092,7.5,498,0,2.05
202203020106,3,10,リリージェーン,2,51.0,01184,17.9,418,0,3.1999999999999997
202203020106,4,11,セイウンダマシイ,2,54.0,00422,7.5,456,0,2.1
202203020106,5,12,サノノエスポ,2,54.0,00689,51.1,422,0,7.699999999999999
202203020106,6,8,テンホワイトラブ,2,54.0,01158,30.4,494,0,5.55
202203020106,7,6,スムースベルベット,2,54.0,01134,3.2,484,0,1.4
202203020106,8,1,ハンデンメシアー,2,51.0,01197,22.2,488,0,3.75
202203020106,9,3,ダイチストリーム,2,52.0,01188,101.0,452,0,14.35
202203020106,10,5,キタノマリリン,2,54.0,01150,72.2,426,0,13.75
202203020106,11,7,アオシロツルバミ,2,51.0,01183,168.7,374,0,30.4
202203020106,12,2,コーヒーカフェ,2,54.0,00726,116.6,442,0,16.65
202203020107,1,6,イヴニングスター,3,56.0,01075,3.2,504,+10,1.5
202203020107,2,4,フォーグッド,3,56.0,05386,2.3,524,+16,1.25
202203020107,3,7,シャドウマッドネス,3,53.0,01184,6.3,434,-4,1.9
202203020107,4,8,トリプルスリル,3,56.0,01162,7.5,480,+2,1.8499999999999999
202203020107,5,5,ブキャナンテソーロ,3,54.0,01188,15.3,488,-8,3.75
202203020107,6,3,ジュンバレット,3,56.0,01117,235.8,456,-4,36.45
202203020107,7,9,テイエムクロマル,3,56.0,01029,119.6,470,-6,17.8
202203020107,8,1,ミヤコプレジール,3,56.0,05212,7.5,536,+10,2.3
202203020107,9,10,ナイキグロ,3,56.0,01009,45.9,476,+10,6.8500000000000005
202203020107,10,2,ブランデウェイン,3,56.0,01135,180.6,476,+4,28.75
202203020108,1,11,メデタシメデタシ,5,55.0,01161,38.7,452,-18,7.45
202203020108,2,7,ネイリッカ,3,50.0,01188,1.7,448,0,1.1
202203020108,3,10,ラッキーミーティア,3,52.0,01118,5.6,454,-4,2.0
202203020108,4,3,クーシフォン,3,52.0,01092,9.7,450,+4,2.4000000000000004
202203020108,5,6,メテオダヴリル,4,52.0,01197,5.7,500,-2,2.3
202203020108,6,4,キタノポケット,5,55.0,01029,98.1,394,-10,17.950000000000003
202203020108,7,9,アテンフェアリー,6,55.0,01162,43.2,480,+2,6.55
202203020108,8,8,モモエチャン,4,55.0,01009,94.7,428,-34,19.9
202203020108,9,1,ハイスピリッツ,4,52.0,01183,151.4,470,-3,28.5
202203020108,10,2,ショウナンワオン,3,52.0,01158,23.9,448,-10,7.6
202203020108,11,12,ルージュフェリーク,4,55.0,01169,14.5,444,-8,3.1
202203020108,12,5,レッドカルム,5,55.0,00689,25.7,532,+2,6.2
202203020109,1,1,ロンギングエーオ,3,54.0,01077,7.6,486,0,2.35
202203020109,2,6,グランシエロ,3,54.0,01122,1.7,516,+2,1.1
202203020109,3,7,スカイテラス,5,57.0,01179,12.1,484,-10,2.95
202203020109,4,5,ネイチャーシップ,4,57.0,01158,9.9,492,-8,2.4000000000000004
202203020109,5,2,レベンディス,5,57.0,01135,130.2,484,-10,24.15
202203020109,6,8,エレガントチャーム,5,55.0,01075,18.0,470,-8,4.6
202203020109,7,9,ヴィブラツィオーネ,3,54.0,05386,5.3,468,0,2.0
202203020109,8,4,ゴールデンアワー,3,52.0,00422,16.8,486,-4,3.95
202203020109,9,3,マイネルアルザス,3,54.0,01085,108.6,464,0,17.5
202203020109,10,10,アクアテラリウム,3,54.0,01150,32.4,472,-6,9.9
202203020110,1,3,イリマ,4,55.0,01179,7.8,450,-4,2.15
202203020110,2,5,サンカルパ,3,52.0,01092,1.9,482,+8,1.2000000000000002
202203020110,3,9,ワーフデール,3,52.0,01188,6.0,458,-2,1.95
202203020110,4,10,アラビアンナイト,4,55.0,01075,27.6,446,0,5.8
202203020110,5,7,ブルームスベリー,5,55.0,05386,9.8,454,-10,2.35
202203020110,6,2,エレヴァテッツァ,5,55.0,05212,6.0,508,+4,2.0
202203020110,7,8,ヴェルザスカ,5,55.0,01169,25.2,442,-2,5.55
202203020110,8,6,ヤマニンプレシオサ,5,55.0,00689,116.1,476,-4,20.0
202203020110,9,11,レアシャンパーニュ,4,55.0,01122,20.3,454,-6,4.1
202203020110,10,1,ライクアジュエリー,5,55.0,00733,165.2,450,-4,37.75
202203020110,11,4,マッチレスノヴェル,5,55.0,01150,32.5,478,-6,7.4
202203020111,1,1,サトノファビュラス,5,55.0,01117,7.3,418,-8,2.3
202203020111,2,10,ジャスパージャック,6,57.0,01085,5.4,528,-2,1.9000000000000001
202203020111,3,2,ショウナンバービー,5,55.0,01188,13.2,504,-2,3.75
202203020111,4,6,エレヴァート,5,55.0,05212,20.7,456,+6,4.9
202203020111,5,8,ロジーナ,5,55.0,01179,6.6,466,-2,2.0
202203020111,6,3,オシリスブレイン,5,57.0,01161,14.1,486,-8,3.35
202203020111,7,11,バルトリ,5,55.0,01075,4.8,462,+8,2.15
202203020111,8,7,サンラモンバレー,7,57.0,01150,107.8,490,-8,14.05
202203020111,9,9,ワンスカイ,5,57.0,05386,2.8,516,+2,1.4500000000000002
202203020111,10,4,ナンヨーアミーコ,9,57.0,01118,151.1,426,-4,18.5
202203020111,11,5,ショウナンアオゾラ,6,57.0,00422,56.3,476,-4,11.2
202203020112,1,8,レッドラパルマ,3,54.0,05212,2.4,486,0,1.35
202203020112,2,3,ミストルティン,3,54.0,01075,5.2,456,0,1.95
202203020112,3,5,エコロカナワン,4,57.0,01077,21.1,486,-12,4.15
202203020112,4,12,ブルベアカイリ,5,57.0,01009,83.3,516,+6,14.35
202203020112,5,13,オヤノナナヒカリ,3,54.0,00422,10.5,442,-2,2.9
202203020112,6,9,マーベラスアゲン,6,54.0,01201,24.0,470,-10,5.15
202203020112,7,1,サクセスミノル,3,54.0,01092,5.2,476,-2,1.7
202203020112,8,10,サトノアレックス,5,55.0,01188,59.8,486,-2,9.3
202203020112,9,7,ヨシオドライヴ,5,57.0,01161,23.3,498,-10,5.75
202203020112,10,14,メイショウムート,4,57.0,01029,189.7,426,-14,47.7
202203020112,11,15,ハリウッドフェーム,3,54.0,01179,13.8,524,-6,3.85
202203020112,12,2,サンマルシップ,4,55.0,01164,184.8,496,0,37.85
202203020112,13,6,タイキマクスウェル,3,54.0,01150,8.6,504,+4,2.95
202203020112,14,4,オニジオオタニ,4,54.0,01183,106.9,440,-10,16.35
202210030101,1,5,ウメムスビ,2,51.0,01199,1.3,438,+4,1.05
202210030101,2,2,フェルヴェンテ,2,54.0,01125,15.8,454,-6,6.15
202210030101,3,10,シャープソーン,2,54.0,01018,9.3,442,+4,4.05
202210030101,4,7,ヘイローグラン,2,50.0,01193,35.7,428,-6,13.75
202210030101,5,6,レヴィアタン,2,54.0,01128,98.7,470,-6,24.0
202210030101,6,1,クリノヒーロー,2,52.0,01191,40.0,460,-8,15.3
202210030101,7,4,クリノグローリー,2,54.0,00732,24.8,454,-2,7.65
202210030101,8,9,サイレントストーム,2,50.0,01187,6.3,426,+2,3.4
202210030101,9,8,ヒロピアーナ,2,54.0,01124,143.1,484,-10,40.199999999999996
202210030101,10,3,ブラーヴ,2,54.0,01126,36.6,472,-2,10.95
202210030102,1,7,イプノーズ,3,50.0,01193,2.2,442,0,1.2000000000000002
202210030102,2,8,クリノオスカル,3,54.0,00732,82.2,418,-4,11.7
202210030102,3,11,ミルニュイ,3,54.0,01126,13.8,512,-10,3.45
202210030102,4,2,ミスティファイ,3,54.0,01174,10.0,440,-4,2.55
202210030102,5,3,ロックユアハート,3,54.0,01163,2.9,452,-10,1.3
202210030102,6,4,カラフルワウ,3,51.0,01199,75.1,464,0,10.2
202210030102,7,6,マルノアンナ,3,51.0,01195,172.2,412,-6,21.55
202210030102,8,1,テイエムラトーヌ,3,50.0,01187,9.6,430,+2,2.75
202210030102,9,9,メイショウジェゼロ,3,52.0,01185,236.2,454,+10,29.0
202210030102,10,5,キルステン,3,54.0,01128,18.7,454,-8,3.7
202210030102,11,10,アジュール,3,52.0,01191,12.0,424,-24,3.7
202210030102,12,12,モズクイーン,3,54.0,01130,119.9,448,0,23.4
202210030103,1,9,エンジェルシリカ,3,54.0,01163,7.5,454,+14,2.95
202210030103,2,12,マメコ,3,54.0,01168,2.8,446,-2,1.4500000000000002
202210030103,3,17,プリモカリーナ,3,54.0,01102,11.7,440,+2,2.7
202210030103,4,8,ショウナンナージャ,3,54.0,01124,31.8,442,-2,7.8
202210030103,5,15,アンブロジアーナ,3,51.0,01172,6.1,406,-6,2.1
202210030103,6,7,サンマルヴァレー,3,54.0,01138,78.4,462,+4,20.95
202210030103,7,11,デュードメール,3,54.0,01126,17.2,456,0,5.5
202210030103,8,18,テーオーモンブラン,3,50.0,01193,21.4,444,+18,6.449999999999999
202210030103,9,3,イダマンテ,3,56.0,01174,26.0,448,-8,6.2
202210030103,10,14,ジューンキララ,3,54.0,00660,170.8,426,+10,28.4
202210030103,11,5,ストームサージ,3,56.0,00732,29.5,476,-2,8.850000000000001
202210030103,12,4,テイエムケントオー,3,56.0,01180,64.0,444,-6,14.7
202210030103,13,13,マサハヤブッカーズ,3,54.0,01191,161.9,446,+8,29.35
202210030103,14,2,ホウショウルイーズ,3,54.0,01154,6.5,490,+6,1.9000000000000001
202210030103,15,16,ブエナディオサ,3,54.0,01036,281.2,434,-18,72.5
202210030103,16,1,アクアヒナ,3,54.0,01018,12.0,496,+8,4.0
202210030103,17,6,ハクサンゴールド,3,52.0,01187,79.2,472,-16,23.3
202210030103,18,10,リサディーン,3,52.0,01185,43.9,420,0,11.899999999999999
202210030104,1,8,アスクビギンアゲン,3,56.0,00732,10.4,534,-18,2.75
202210030104,2,14,カイザー,3,56.0,01171,4.8,474,-4,1.85
202210030104,3,11,ミナモトフェイス,3,54.0,01014,5.2,450,+4,2.0
202210030104,4,13,テーオーコンドル,3,53.0,01199,50.0,454,-6,9.7
202210030104,5,4,バクシンフォワード,3,56.0,01180,135.7,454,-10,26.55
202210030104,6,2,セピアーチェ,3,54.0,00660,52.0,450,-4,10.2
202210030104,7,1,アスクオーマイキー,3,56.0,01154,182.0,486,-6,30.65
202210030104,8,6,シエロフェイス,3,56.0,01163,6.2,430,-4,2.2
202210030104,9,12,サトノソラーレ,3,56.0,01102,21.3,434,-8,4.4
202210030104,10,3,ヤマニンリリアーナ,3,54.0,01130,283.8,486,+8,51.6
202210030104,11,5,ウォーターレクラ,3,54.0,01018,2.8,416,-4,1.4500000000000002
202210030104,12,15,ヒシハイドラ,3,50.0,01187,73.2,442,+4,11.85
202210030104,13,7,クリノレイチェル,3,52.0,01185,513.7,460,-4,84.5
202210030104,14,10,ライダーストーム,3,56.0,01124,286.5,466,-12,37.05
202210030104,15,9,ブリーザフレスカ,3,54.0,01126,8.0,492,+18,2.6500000000000004
202210030105,1,3,サツマノオンナ,2,54.0,01126,4.8,440,0,1.8
202210030105,2,5,カシノサヴィ,2,54.0,00732,13.4,416,0,3.75
202210030105,3,12,テイエムユメキュウ,2,54.0,01099,16.8,450,0,3.6500000000000004
202210030105,4,17,ベルボールドナイン,2,50.0,01193,5.3,460,0,1.8
202210030105,5,4,テイエムハヤカケン,2,54.0,01168,9.3,496,0,2.8
202210030105,6,14,ゴーツウキリシマ,2,54.0,01116,27.6,456,0,7.5
202210030105,7,8,テイエムイッキュウ,2,51.0,01172,55.4,414,0,12.45
202210030105,8,9,キスウマイ,2,54.0,01138,13.3,468,0,3.35
202210030105,9,11,カシノジャッカル,2,53.0,01176,140.7,398,0,31.200000000000003
202210030105,10,6,ユクサキタ,2,54.0,01125,90.5,436,0,21.35
202210030105,11,13,テイエムジンキュウ,2,51.0,01195,127.0,482,0,29.65
202210030105,12,7,カシノクック,2,54.0,01128,101.7,416,0,26.5
202210030105,13,10,キリシマラッキー,2,54.0,01147,134.3,448,0,19.85
202210030105,14,1,カシノスターリング,2,51.0,01199,55.5,470,0,10.399999999999999
202210030105,15,16,エイヨーチャクラ,2,54.0,00894,22.7,432,0,6.4
202210030105,16,18,カシノロマネ,2,54.0,01165,207.1,374,0,46.349999999999994
202210030105,17,15,コウユーオモイノセ,2,54.0,01180,3.1,470,0,1.5
202210030106,1,7,マルモリキング,2,54.0,01168,5.7,518,0,2.1
202210030106,2,3,ゴッドセンド,2,54.0,01171,3.5,456,0,1.2999999999999998
202210030106,3,5,ヴァルダリス,2,50.0,01187,3.5,422,0,1.7
202210030106,4,8,オバケノキンタ,2,51.0,01199,41.2,442,0,8.1
202210030106,5,2,シミーシェイク,2,54.0,01116,6.9,396,0,2.15
202210030106,6,1,カシノビルボード,2,52.0,01191,61.0,456,0,11.05
202210030106,7,6,スエヒロイナズマ,2,54.0,01018,54.9,446,0,10.149999999999999
202210030106,8,9,ビルトインアデイ,2,54.0,00732,12.0,442,0,2.95
202210030106,9,10,スズカクリエイター,2,54.0,01174,15.4,468,0,3.6
202210030106,10,11,カシノアルバ,2,50.0,01193,51.1,436,0,9.95
202210030106,11,4,グレイシャスオーラ,2,52.0,01185,13.9,434,0,2.95
202210030107,1,13,ブライトホルン,3,54.0,01191,9.4,466,-12,3.15
202210030107,2,4,インブレッドセンス,3,56.0,01154,9.8,466,0,2.6500000000000004
202210030107,3,15,サイラス,3,56.0,00732,7.2,520,+6,1.95
202210030107,4,10,ホウオウブリッツ,3,52.0,01193,9.0,494,+8,4.35
202210030107,5,2,テイエムシルバー,3,56.0,01037,3.5,472,+2,1.55
202210030107,6,7,ショウグン,3,56.0,01174,4.7,452,-6,1.9000000000000001
202210030107,7,3,マルトドラゴン,3,55.0,01176,59.0,470,+8,11.25
202210030107,8,6,ルージュラピュセル,3,54.0,01163,4.4,424,0,1.65
202210030107,9,11,ウィッシュムーン,3,56.0,01138,128.6,458,+2,30.35
202210030107,10,16,ブレットアーチ,3,56.0,01168,53.9,460,-8,14.65
202210030107,11,1,メイショウイタマエ,3,53.0,01199,131.9,480,-14,24.55
202210030107,12,14,サダムパッション,3,52.0,01187,181.0,502,-10,27.6
202210030107,13,8,オセアプレシャス,3,54.0,01185,257.6,494,+14,58.25
202210030107,14,5,アメノタヂカラオ,3,56.0,01128,133.5,540,0,37.15
202210030107,15,9,ブタンタン,3,56.0,05429,216.3,448,-10,38.55
202210030107,16,12,カレンマンバ,3,56.0,01126,133.2,448,0,30.85
202210030108,1,7,アメリカンスター,3,52.0,01019,10.9,494,+16,2.4
202210030108,2,6,サンクフィーユ,3,52.0,01088,1.9,440,-22,1.1
202210030108,3,2,シゲルイワイザケ,3,52.0,01018,5.1,474,-2,1.85
202210030108,4,1,ダイシンビヨンド,3,52.0,01154,4.4,448,-8,1.75
202210030108,5,5,ルヴァンノワール,4,51.0,01193,34.2,436,+2,5.45
202210030108,6,10,ジャマン,3,49.0,01187,7.9,454,-8,2.55
202210030108,7,8,マンクスホップ,3,50.0,01191,44.4,428,+2,8.1
202210030108,8,4,ブリンク,4,55.0,01102,40.7,456,-8,6.35
202210030108,9,9,ワイドアウェイク,4,55.0,01126,93.5,488,-2,12.5
202210030108,10,3,セレッソフレイム,4,52.0,01199,254.4,438,-10,37.25
202210030109,1,12,シゲルカチョウ,4,55.0,01088,3.5,496,-2,1.7
202210030109,2,10,ニシノデフィレ,3,54.0,00732,3.7,500,-8,1.55
202210030109,3,8,テンジュイン,5,55.0,01018,18.2,452,-6,3.5
202210030109,4,6,キタサンユーダイ,3,54.0,01174,7.1,490,+8,2.05
202210030109,5,2,シュライエン,4,55.0,01171,3.8,432,-6,1.8
202210030109,6,3,ドリームアゲイン,4,55.0,01014,18.6,468,+4,4.6
202210030109,7,11,ダノンカオス,5,57.0,01180,37.8,486,-10,7.7
202210030109,8,9,ソルトキャピタル,5,57.0,01037,74.5,524,+4,8.85
202210030109,9,5,ナリタローゼ,4,55.0,01142,8.0,480,0,2.6
202210030109,10,4,マイネルホイッスル,5,57.0,01163,65.7,484,0,10.8
202210030109,11,1,ノーセキュリティ,5,57.0,01102,65.8,470,-22,13.65
202210030109,12,7,メイショウオニテ,6,57.0,01185,214.6,460,+6,32.6
202210030110,1,1,シルキーヴォイス,4,57.0,01088,2.2,484,-2,1.4500000000000002
202210030110,2,3,ハギノエスペラント,5,57.0,01014,13.2,488,-6,3.75
202210030110,3,2,サンデージャック,4,57.0,01126,7.2,472,-10,1.9000000000000001
202210030110,4,5,メイショウラツワン,5,57.0,01019,14.0,482,-2,3.2
202210030110,5,9,ダノングレーター,6,57.0,01168,38.7,458,-14,6.8500000000000005
202210030110,6,4,ハーツオブシャカ,4,57.0,01154,4.5,472,+4,1.7
202210030110,7,8,サルマン,4,57.0,01116,5.5,500,-2,1.85
202210030110,8,6,ナオミラフィネ,5,55.0,01163,17.0,468,+2,3.2
202210030110,9,10,トーセンスカイ,6,57.0,01174,76.4,480,-18,14.5
202210030110,10,7,エレヴァルアスール,6,57.0,01018,30.9,500,-6,6.25
202210030111,1,12,ヴァンヤール,4,57.0,01160,11.4,526,+4,3.7
202210030111,2,6,ラボエーム,5,55.0,01125,8.5,456,+16,2.7
202210030111,3,9,ミステリオーソ,5,57.0,01116,5.8,490,+4,2.2
202210030111,4,3,サンライズシェリー,5,57.0,00732,9.6,488,+4,3.4
202210030111,5,4,ダッチマン,5,57.0,01154,68.9,464,0,9.85
202210030111,6,7,ルリアン,5,57.0,01163,40.3,504,-14,12.25
202210030111,7,8,メガゴールド,4,57.0,01171,13.8,516,-2,3.65
202210030111,8,5,メイショウヨカゼ,5,57.0,01037,22.7,514,0,5.75
202210030111,9,1,リリーミニスター,5,57.0,01126,5.9,472,+2,2.3
202210030111,10,10,ペガサス,6,57.0,01014,17.0,450,-12,4.35
202210030111,11,2,テーオーラフィット,4,55.0,01174,6.3,498,+16,2.85
202210030111,12,13,タイセイアゲイン,4,57.0,01018,25.2,464,0,7.55
202210030111,13,11,ヴィゴーレ,4,57.0,00660,22.6,468,-4,6.3
202210030111,14,14,ギブミーラブ,4,55.0,01019,61.3,476,-4,13.2
202210030111,15,16,ウォーターパルフェ,7,57.0,01199,250.8,488,-10,62.85
202210030111,16,15,トーセンアラン,4,57.0,01180,7.7,526,0,3.55
202210030112,1,14,ゴッドクインビー,3,49.0,01199,3.7,440,+4,1.75
202210030112,2,10,サエールフェイス,3,52.0,01180,35.1,468,-4,8.0
202210030112,3,12,アイファーリンクス,4,55.0,01116,16.0,480,-6,4.2
202210030112,4,5,ムーンオブバローダ,6,57.0,00660,11.0,488,-18,3.3
202210030112,5,8,ナインティゴット,3,54.0,01168,2.9,502,+6,1.6
202210030112,6,1,ケイティレインボー,3,54.0,01142,5.2,472,-2,1.9000000000000001
202210030112,7,9,ルールシェーバー,5,56.0,01176,77.6,482,+20,10.8
202210030112,8,2,セイウンノウヒメ,4,55.0,00732,10.2,466,0,2.05
202210030112,9,11,サイモンカーチス,3,50.0,01187,34.9,468,-12,7.3500000000000005
202210030112,10,13,コパノキャッチング,4,55.0,01191,57.4,458,-2,11.6
202210030112,11,3,カネトシバレンシア,4,53.0,01185,17.5,452,+20,4.1
202210030112,12,4,ベッサラビア,5,57.0,01165,59.9,452,-12,12.0
202210030112,13,7,デリカテス,3,50.0,01193,26.7,446,+6,7.5
202210030112,14,6,タンバオー,4,57.0,01138,219.6,482,-6,40.400000000000006
202202010701,1,6,ミスヨコハマ,2,54.0,01178,2.3,460,0,1.5
202202010701,2,4,ブルジュドバイ,2,54.0,00666,1.8,456,-4,1.1
202202010701,3,2,コスモレンブランサ,2,54.0,01091,11.1,406,+2,3.1500000000000004
202202010701,4,3,クニ,2,52.0,01173,74.4,414,-6,23.1
202202010701,5,5,スナークメモリー,2,51.0,01177,74.5,410,-8,22.2
202202010701,6,1,シュガーベイビー,2,54.0,01144,10.5,436,-6,4.25
202202010702,1,1,タロファイター,3,56.0,01095,1.6,452,-4,1.1
202202010702,2,14,ワンダフルヘヴン,3,54.0,01144,6.8,490,0,2.65
202202010702,3,4,ヤマニンクイッカー,3,56.0,05243,7.6,458,+6,2.65
202202010702,4,8,ホウオウベリテ,3,56.0,01140,5.0,450,-4,1.85
202202010702,5,2,オフショアガール,3,54.0,01062,274.2,432,-4,35.05
202202010702,6,9,ルージュブラゾン,3,54.0,05203,18.7,470,+4,4.85
202202010702,7,7,アテンハピネス,3,53.0,01177,147.6,530,-14,31.200000000000003
202202010702,8,5,テイエムシチーボー,3,52.0,01173,289.4,452,-2,46.15
202202010702,9,13,モズフェニックス,3,53.0,01181,133.9,484,0,22.8
202202010702,10,6,ナムラジュリア,3,52.0,01186,304.0,414,+4,47.65
202202010702,11,3,クレバーテースト,3,56.0,01157,28.9,444,+2,7.75
202202010702,12,10,ケーリエール,3,55.0,01182,59.8,492,-8,11.8
202202010702,13,12,ヘクトゴン,3,56.0,01015,224.5,418,-2,49.3
202202010702,14,11,クラシカルオーサー,3,53.0,01192,21.1,456,-2,5.449999999999999
202202010703,1,11,クロニクルノヴァ,3,56.0,01115,6.4,478,+2,2.6
202202010703,2,2,キセキノエンジェル,3,54.0,01025,9.2,452,0,2.3
202202010703,3,9,イルモンド,3,54.0,01170,2.4,472,-2,1.25
202202010703,4,8,ジョーカーブラウン,3,56.0,01091,9.8,518,0,2.05
202202010703,5,14,ジャスティンエース,3,56.0,01157,13.3,462,0,3.45
202202010703,6,10,シエル,3,54.0,05203,4.6,462,+10,2.05
202202010703,7,5,ゴッドスイートビー,3,52.0,01186,75.9,410,+2,12.25
202202010703,8,3,ベアビリーブ,3,51.0,01198,189.9,448,0,29.5
202202010703,9,13,ニューヴァージョン,3,56.0,01095,63.2,502,+24,15.2
202202010703,10,7,ユリシーズ,3,56.0,01015,11.7,454,+4,3.65
202202010703,11,6,ナーサック,3,56.0,01032,25.9,430,-2,6.65
202202010703,12,4,ビーイング,3,56.0,01109,381.5,484,-6,82.85
202202010703,13,12,フレンドオパール,3,51.0,01177,340.5,410,0,98.55000000000001
202202010703,14,1,テーオーノブレス,3,54.0,01144,97.6,410,+4,27.45
202202010703,15,15,フジシュウセツ,3,53.0,01192,233.4,510,-6,40.95
202202010704,1,8,クオーレドーロ,3,54.0,01170,2.4,438,0,1.25
202202010704,2,13,レディベル,3,50.0,01190,3.0,508,+12,1.45
202202010704,3,2,コルティーナ,3,54.0,01157,19.9,492,+16,5.9
202202010704,4,5,ジョブックフィオリ,3,52.0,01173,57.0,426,-4,7.8999999999999995
202202010704,5,11,シゲルハナミザケ,3,51.0,01192,12.4,464,-8,3.25
202202010704,6,3,テーオーシャンス,3,54.0,01144,29.6,420,0,4.1
202202010704,7,4,レインボーエンゼル,3,54.0,01140,5.9,462,0,1.8499999999999999
202202010704,8,9,ピッコロバンビーナ,3,54.0,01025,44.2,436,-6,8.1
202202010704,9,6,オーラライト,3,54.0,01095,41.6,442,+2,6.15
202202010704,10,1,リンクスアイ,3,54.0,01127,153.2,472,+4,16.25
202202010704,11,10,ボルダーズビーチ,3,52.0,01186,39.2,446,-2,8.0
202202010704,12,12,クリノソプラノ,3,51.0,01177,244.8,478,0,39.05
202202010704,13,14,ラウレッタ,3,54.0,01091,34.6,474,-6,7.35
202202010705,1,6,ブトンドール,2,54.0,01157,9.2,486,0,2.35
202202010705,2,5,アネモス,2,54.0,01032,2.8,496,0,1.2000000000000002
202202010705,3,3,マルモリディライト,2,54.0,00666,10.2,448,0,2.1500000000000004
202202010705,4,1,ジャスティンカプリ,2,54.0,01140,2.7,472,0,1.35
202202010705,5,4,ソアラ,2,54.0,01178,23.5,474,0,3.75
202202010705,6,7,アフロビート,2,54.0,01170,4.8,444,0,1.7000000000000002
202202010705,7,2,ワキアプリンセス,2,53.0,01182,70.5,440,0,9.05
202202010705,8,8,ゴレイジョウ,2,52.0,01173,83.8,456,0,9.5
202202010706,1,4,ニシノシークレット,2,54.0,01025,2.7,472,0,1.4
202202010706,2,2,ワタシダケドナニカ,2,54.0,01091,4.5,470,0,2.3
202202010706,3,5,フォルテース,2,54.0,01144,3.0,442,0,1.75
202202010706,4,6,ペイシャアップ,2,54.0,01127,18.7,432,0,5.4
202202010706,5,7,ヘルスケア,2,51.0,01198,51.1,456,0,14.05
202202010706,6,1,ニシノシャイニング,2,54.0,00666,4.7,446,0,2.45
202202010706,7,3,シャトンブリヤント,2,52.0,01173,92.6,396,0,37.75
202202010707,1,5,マイネルエニグマ,4,57.0,01091,4.6,468,+8,1.5499999999999998
202202010707,2,1,ラニュイエトワール,3,54.0,01157,48.9,460,+2,7.5
202202010707,3,4,ファンタジア,3,52.0,01170,4.3,496,+20,2.2
202202010707,4,3,エレフセリア,4,52.0,01192,11.9,444,0,3.75
202202010707,5,7,ブラックボイス,3,54.0,01140,2.6,506,+2,1.15
202202010707,6,2,デルマラッキーガイ,5,57.0,01144,31.4,480,-2,5.9
202202010707,7,9,ルーパステソーロ,4,57.0,01115,4.1,548,+6,1.5499999999999998
202202010707,8,8,フラリオナ,4,55.0,01030,51.7,422,-4,10.05
202202010707,9,6,タイセイマーベル,4,57.0,01095,33.9,498,+4,6.45
202202010708,1,5,ヤマノマタカ,5,57.0,01091,5.6,486,+6,1.75
202202010708,2,4,ディサイド,3,54.0,05203,21.9,484,+6,6.4
202202010708,3,6,イーサンバーニング,3,52.0,01186,6.2,496,+6,1.9000000000000001
202202010708,4,1,マンオブカレッジ,4,57.0,01140,5.5,530,+4,2.15
202202010708,5,12,ハナキリ,3,54.0,01030,23.1,480,+16,7.1
202202010708,6,7,オブジェダート,3,54.0,01157,3.7,486,-2,1.75
202202010708,7,11,ラピドゥス,3,52.0,01095,10.1,478,0,3.0
202202010708,8,8,エヴィダンシア,3,54.0,01170,7.2,492,0,2.75
202202010708,9,9,タマモモンレーブ,3,51.0,01194,165.4,502,+2,34.95
202202010708,10,3,ルージュジャドール,4,55.0,01025,16.1,446,+6,4.25
202202010708,11,2,タイガ,5,53.0,01190,19.3,498,+2,6.05
202202010708,12,10,サーティファイド,3,54.0,01144,52.3,478,+2,13.7
202202010709,1,14,ラキエータ,3,52.0,00666,29.2,412,+2,6.85
202202010709,2,5,サトノレーヴ,3,54.0,01115,3.4,534,0,1.8
202202010709,3,6,エナジーグラン,3,54.0,01157,7.0,458,0,2.05
202202010709,4,4,ホウオウジュレップ,4,55.0,01091,109.5,412,-4,13.4
202202010709,5,12,プラソン,3,52.0,01093,12.6,438,0,2.9
202202010709,6,7,スウィートプロミス,3,52.0,01032,9.5,470,+18,2.75
202202010709,7,1,タガノスペルノヴァ,4,57.0,01140,20.7,434,+6,4.6
202202010709,8,2,ショウナンナウシカ,3,52.0,01095,18.9,462,-4,3.0
202202010709,9,8,タナキーボー,4,57.0,01178,42.8,500,-4,9.2
202202010709,10,9,スカイトレイル,3,52.0,01186,28.6,458,-4,6.300000000000001
202202010709,11,3,ナリタエール,4,55.0,01127,82.4,408,+6,15.3
202202010709,11,10,ワールドクルーズ,4,55.0,01109,260.8,468,+2,50.15
202202010709,13,11,スクルトゥーラ,3,52.0,01170,2.5,428,0,1.4500000000000002
202202010709,14,13,グランチェイサー,5,57.0,05203,55.0,448,-8,9.85
202202010710,1,7,クライミングリリー,4,55.0,01170,1.5,462,-4,1.1
202202010710,2,8,オブデュモンド,4,57.0,00666,8.9,514,+6,2.6
202202010710,3,3,ロッソモラーレ,5,57.0,01109,41.9,470,-2,9.75
202202010710,4,4,ジャミールフエルテ,6,57.0,01030,74.1,454,+2,12.15
202202010710,5,1,アインゲーブング,4,55.0,01091,4.3,448,+2,1.75
202202010710,6,10,デルマセイシ,4,55.0,01127,16.9,480,+12,4.7
202202010710,7,9,プレトリア,7,57.0,01181,14.4,466,-4,2.6
202202010710,8,5,ルヴェルソー,5,55.0,01032,24.7,456,0,4.6
202202010710,9,2,グレースオブナイル,5,55.0,01093,30.5,448,+2,7.75
202202010710,10,6,ブラックデビル,7,57.0,01177,44.2,474,+8,8.55
202202010711,1,11,ヴィズサクセス,5,55.0,05203,5.4,478,+6,1.85
202202010711,2,9,イルクオーレ,4,55.0,01144,4.1,498,+6,2.0
202202010711,3,15,ショウナンバニラ,6,53.0,01127,29.2,452,0,6.15
202202010711,4,10,スンリ,4,52.0,01157,7.9,478,0,2.6500000000000004
202202010711,5,13,クリノアリエル,7,52.0,00666,29.2,418,-8,6.55
202202010711,6,5,マリーナ,4,53.0,01093,7.4,442,+6,2.75
202202010711,7,16,ショウナンアリアナ,6,52.0,01015,139.9,436,-2,29.4
202202010711,8,8,シュアーヴアリア,4,54.0,01095,4.3,480,-2,1.7
202202010711,9,6,ミニオンペール,6,51.0,01109,28.8,478,-2,5.800000000000001
202202010711,10,2,フォイアーロート,4,54.0,01178,11.9,466,0,3.65
202202010711,11,3,ノクターンノーツ,5,51.0,01112,29.9,520,0,7.699999999999999
202202010711,12,7,カヌメラビーチ,6,55.0,01170,18.2,472,-6,5.15
202202010711,13,4,ノアヴィグラス,4,51.0,01181,68.0,470,-4,15.55
202202010711,14,14,スーパーウーパー,4,52.0,01115,100.9,480,+4,26.75
202202010711,15,1,メイショウハナモリ,6,54.0,01030,203.6,518,+4,41.35
202202010711,16,12,クルークヴァール,7,53.0,01032,44.2,472,-14,13.35
202202010712,1,7,バルムンク,3,51.0,01194,5.6,510,-2,2.15
202202010712,2,2,シャインフォール,3,52.0,01186,24.1,474,-8,4.95
202202010712,3,11,ヒデノレインボー,3,54.0,05203,6.3,472,+4,2.2
202202010712,4,12,ラブエスポー,5,54.0,01182,39.7,468,+2,5.85
202202010712,5,1,アウグスト,3,54.0,01178,2.1,506,-6,1.2000000000000002
202202010712,6,13,カズラポニアン,3,54.0,01140,6.0,488,+8,2.05
202202010712,7,9,オーマイオーマイ,5,57.0,00666,34.8,486,+8,6.449999999999999
202202010712,8,5,ワンダーアマルフィ,5,57.0,01133,64.9,486,-4,8.65
202202010712,9,10,トランセンドパスト,4,57.0,01127,45.9,458,-2,7.5
202202010712,10,3,エコログロリアス,3,54.0,01170,18.3,480,0,3.6999999999999997
202202010712,11,6,エルデスペラード,3,54.0,01157,11.7,438,+8,4.2
202202010712,12,4,アトラスエース,4,54.0,01177,306.6,490,-2,44.65
202202010712,13,8,パトリオットラン,3,54.0,01144,71.9,516,+2,10.25
202203020201,1,1,グラニット,2,54.0,01134,6.2,444,-2,2.15
202203020201,2,6,タイセイサンダー,2,54.0,05212,2.7,440,0,1.3
202203020201,3,2,ドライカプチーノ,2,54.0,00726,14.4,442,+10,3.1
202203020201,4,8,クールムーア,2,54.0,01092,28.7,462,-4,5.8
202203020201,5,5,スコプルス,2,54.0,01009,2.0,424,-4,1.1
202203020201,6,7,シルバープリペット,2,54.0,01135,147.0,444,-8,22.25
202203020201,7,4,グッドルックス,2,54.0,01179,19.2,496,+18,3.4
202203020201,8,3,カゼノハクシュウ,2,54.0,01077,42.0,456,-8,6.8
202203020202,1,8,フラッシュアーク,3,54.0,05386,1.4,460,-2,1.1
202203020202,2,4,セイグッドバイ,3,54.0,01162,34.5,474,-2,10.850000000000001
202203020202,3,11,ラブミードゥ,3,54.0,01009,12.4,438,+4,5.65
202203020202,4,7,アメカテソーロ,3,54.0,01174,6.6,468,+4,4.1
202203020202,5,6,トーアリバティー,3,54.0,00689,31.2,488,-6,14.6
202203020202,6,15,マルヴァジーア,3,52.0,01188,60.8,436,+2,17.15
202203020202,7,5,ニシノコチ,3,51.0,01201,12.5,478,-4,6.300000000000001
202203020202,8,1,エレガントモダン,3,54.0,01118,284.1,438,+4,94.45
202203020202,9,12,ホワイトレッグス,3,53.0,01184,10.2,428,-2,3.25
202203020202,10,14,フォルトゥナ,3,56.0,01169,43.0,468,+4,11.2
202203020202,11,2,フルゴル,3,51.0,01197,147.1,420,+12,48.199999999999996
202203020202,12,9,リリーズメモリー,3,54.0,01161,189.6,506,-4,89.3
202203020202,13,3,アーリオオーリオ,3,52.0,01164,82.5,448,+6,30.65
202203020202,14,10,ラブヴァケーション,3,54.0,01151,294.6,458,+4,128.65
202203020202,15,13,ジェイエルブラスト,3,54.0,01158,223.8,392,-8,87.75
202203020203,1,10,ニシノラーナ,3,54.0,01158,5.3,484,-10,2.2
202203020203,2,4,アイアコス,3,54.0,01188,3.3,472,+8,1.5499999999999998
202203020203,3,16,モンサンレジャンド,3,54.0,01162,7.2,448,-4,2.0
202203020203,4,1,ハロースクロール,3,54.0,01134,55.6,438,+10,9.7
202203020203,5,12,オリーヴベリー,3,56.0,01179,16.7,514,+4,4.25
202203020203,6,2,オモイソメル,3,54.0,01163,6.1,466,0,2.2
202203020203,7,6,ドルズプライスレス,3,56.0,01169,8.3,506,-10,2.6500000000000004
202203020203,8,15,ユキゲショウ,3,51.0,01183,181.7,456,0,32.85
202203020203,9,8,キチロクハニー,3,54.0,01029,134.6,452,0,23.65
202203020203,10,5,ギミーアワーズ,3,56.0,05386,14.6,460,0,3.7
202203020203,11,14,フェルクアーサー,3,53.0,01197,173.4,458,+14,32.85
202203020203,12,3,オーバーザウェイブ,3,56.0,01151,262.0,450,-26,83.75
202203020203,13,9,シアージスト,3,56.0,01077,6.1,560,0,2.7
202203020203,14,13,ライセンストゥキル,3,56.0,01174,200.9,460,-4,37.9
202203020203,15,11,グットウインド,3,54.0,01164,221.7,448,-4,50.35
202203020203,16,7,アヴェマリア,3,54.0,01161,253.2,418,+4,44.900000000000006
202203020204,1,9,ピースオブマインド,3,54.0,01163,7.0,442,+14,2.45
202203020204,2,7,キアナフリューゲル,3,54.0,00422,69.0,472,-10,12.25
202203020204,3,10,ヴァンシャンテ,3,51.0,01183,5.4,418,-4,1.95
202203020204,4,6,マコトチガネマル,3,54.0,00733,3.5,432,-10,1.65
202203020204,5,1,ニシノジャズ,3,54.0,01169,37.2,470,-10,7.1499999999999995
202203020204,6,2,デルマティターニア,3,54.0,01174,15.6,440,-14,4.65
202203020204,7,5,プラウドオブユー,3,51.0,01184,49.1,374,-14,10.35
202203020204,8,4,フォーユーランラン,3,52.0,01188,19.8,424,-4,3.3
202203020204,9,8,メロディーフェア,3,54.0,01162,217.5,452,+2,39.15
202203020204,10,12,ココリヴァルキリー,3,54.0,01161,21.3,420,-4,4.45
202203020204,11,11,カナイアンゼン,3,51.0,01197,133.0,472,-4,27.1
202203020204,12,16,ダノンアマレット,3,54.0,05212,3.0,460,-4,1.55
202203020204,13,15,アイスケイブ,3,54.0,01179,21.6,424,-6,5.25
202203020204,14,3,ヤマニンスピーガ,3,51.0,01201,237.5,504,0,38.349999999999994
202203020204,15,13,ゴールドコマンダー,3,54.0,01158,275.3,494,+8,32.05
202203020204,16,14,フィルクローバー,3,54.0,01009,51.6,484,0,7.7
202203020205,1,12,フロムナウオン,2,54.0,01092,2.8,536,0,1.5
202203020205,2,13,サティンボディス,2,54.0,00641,74.1,466,0,9.6
202203020205,3,10,マイレーヌ,2,54.0,05386,9.9,492,0,2.6500000000000004
202203020205,4,4,グリーングラシア,2,54.0,01153,147.7,490,0,27.5
202203020205,5,3,ゴールデンハインド,2,54.0,01009,19.6,476,0,4.800000000000001
202203020205,6,2,インペリアルコート,2,54.0,01163,9.5,434,0,2.8
202203020205,7,11,ミラクルキャッツ,2,54.0,01077,7.1,456,0,2.0
202203020205,8,1,ニシノカナン,2,54.0,05212,10.0,498,0,2.8
202203020205,9,7,ハイファイヴ,2,54.0,01085,25.2,488,0,5.5
202203020205,10,6,ロジザキア,2,54.0,01179,4.1,484,0,1.55
202203020205,11,9,トーセンドリフト,2,54.0,00689,49.9,468,0,9.8
202203020205,12,8,ドゥワー,2,51.0,01184,82.3,434,0,14.5
202203020205,13,5,オリエンタルデイ,2,54.0,01167,198.7,458,0,37.55
202203020206,1,15,チカポコ,2,54.0,01077,4.1,418,0,1.5499999999999998
202203020206,2,14,パルフュメ,2,54.0,05386,5.1,458,0,1.85
202203020206,3,13,カッテミル,2,54.0,00726,64.1,432,0,11.7
202203020206,4,16,セイウンスイート,2,54.0,00422,41.2,448,0,9.6
202203020206,5,7,リュバンスリーズ,2,51.0,01184,6.8,424,0,2.75
202203020206,6,12,アントルメグラッセ,2,54.0,01009,10.5,430,0,3.1
202203020206,7,5,メダルラッシュ,2,54.0,05212,14.8,460,0,4.45
202203020206,8,9,トウロウノオノ,2,54.0,00733,6.8,428,0,2.3
202203020206,9,8,バトルトウショウ,2,54.0,01162,25.0,436,0,5.85
202203020206,10,11,リサリサ,2,54.0,01179,10.0,460,0,3.15
202203020206,11,1,イチズ,2,54.0,00689,28.0,408,0,6.9
202203020206,12,4,ワラッテユルシテ,2,51.0,01183,72.4,496,0,18.5
202203020206,13,3,グーディッシュ,2,52.0,01188,31.4,386,0,7.25
202203020206,14,2,ワックスフラワー,2,54.0,01135,75.0,436,0,18.299999999999997
202203020206,15,6,テイエムエレガント,2,54.0,01029,108.9,436,0,26.3
202203020206,16,10,メロディックスカイ,2,54.0,01161,140.8,418,0,33.05
202203020207,1,6,ブレイクザアイス,3,56.0,05212,4.1,446,-4,1.6
202203020207,2,10,アーバンデザイン,3,56.0,01174,2.2,520,+10,1.35
202203020207,3,11,パフオブウインド,3,53.0,01184,5.2,474,0,1.75
202203020207,4,12,アルティマナイト,3,56.0,01143,133.1,482,-11,23.950000000000003
202203020207,5,15,キタノドーベル,3,54.0,01162,39.1,442,+2,6.55
202203020207,6,13,トリデンテ,3,56.0,00422,20.2,510,-4,3.0999999999999996
202203020207,7,9,アンサングヒーロー,3,56.0,01169,30.3,484,+6,5.85
202203020207,8,1,シャークアタック,3,53.0,01197,51.9,472,-4,12.35
202203020207,9,8,ロードシャマール,3,56.0,01158,7.4,482,0,2.15
202203020207,10,7,ヴェストヴォーグ,3,56.0,01092,84.4,534,-1,16.0
202203020207,11,3,シュヴァリエール,3,56.0,01179,40.8,462,0,9.65
202203020207,12,2,ピューリファイ,3,54.0,01188,15.9,476,+6,4.1
202203020207,13,5,アポロキラナ,3,54.0,01150,105.7,478,-2,20.0
202203020207,14,14,ジュングローリー,3,56.0,00733,222.1,446,+4,52.900000000000006
202203020208,1,7,トーセンサンダー,3,54.0,01162,3.3,466,-6,1.6
202203020208,2,9,ミッキーハロー,4,55.0,01163,3.4,442,0,1.5
202203020208,3,2,ニシノリース,4,55.0,05212,5.8,438,+2,1.85
202203020208,4,11,マイサンライズ,4,55.0,01167,29.3,506,-16,8.5
202203020208,5,5,エシェロン,3,54.0,01135,22.2,454,-6,4.15
202203020208,6,4,メルテッドハニー,5,52.0,01197,42.5,404,0,7.65
202203020208,7,3,アポロセイラン,5,57.0,00689,54.8,464,-4,8.2
202203020208,8,1,クィーンアドバンス,5,55.0,01161,78.6,466,-6,14.05
202203020208,9,6,ヒメカミノイタダキ,3,54.0,01077,5.6,484,+4,2.05
202203020208,10,8,バイシクルキック,4,55.0,01188,13.2,464,-2,3.15
202203020209,1,1,セイルオンセイラー,3,54.0,05386,1.4,500,-2,1.1
202203020209,2,7,ブルーカルセドニー,4,55.0,05212,6.1,452,+10,2.7
202203020209,3,8,グラスデスティーノ,5,57.0,01162,36.6,478,+2,7.7
202203020209,4,12,ランスルー,4,57.0,01163,11.5,534,-8,3.9499999999999997
202203020209,5,10,スクリーンプロセス,4,57.0,01188,77.0,528,-4,20.549999999999997
202203020209,6,2,ケイサンフリーゼ,4,55.0,01154,10.8,482,-6,5.25
202203020209,7,5,アドアステラ,6,55.0,01009,14.2,462,+2,4.1000000000000005
202203020209,8,4,ポップフランセ,6,57.0,01135,23.2,470,-6,6.0
202203020209,9,3,ミヤビマドンナ,5,55.0,00733,140.8,444,0,32.95
202203020209,10,9,ロードオブザチェコ,4,57.0,01161,21.9,492,-12,9.75
202203020209,11,11,ヒートヘイズ,4,57.0,01150,110.3,486,-2,25.85
202203020209,12,6,フォギーデイ,5,55.0,01169,173.2,484,-2,28.95
202203020209,13,13,チェルシーライオン,6,57.0,01118,267.0,476,-10,68.15
202203020210,1,9,ファイアダンサー,4,55.0,05386,6.1,446,-4,1.8
202203020210,2,13,サイヤダンサー,5,57.0,05212,6.4,466,-10,2.15
202203020210,3,7,ステラダイヤ,4,55.0,01092,17.7,490,-12,3.55
202203020210,4,12,ショウナンラスボス,4,57.0,01179,7.1,466,+2,2.0
202203020210,5,2,マリーアミノル,4,55.0,01163,19.1,412,-6,5.8
202203020210,6,10,スズノヤマト,5,57.0,01075,27.7,476,+6,5.3
202203020210,7,14,ショウナンマッハ,3,54.0,01174,2.0,498,-4,1.4
202203020210,8,4,ノックオンウッド,4,57.0,01077,12.0,490,-8,3.6500000000000004
202203020210,9,6,ゲンパチアイアン,5,57.0,01169,72.3,480,-2,10.350000000000001
202203020210,10,5,セイラブミー,5,55.0,01085,76.2,474,+2,12.3
202203020210,11,11,ニシノガブリヨリ,4,57.0,00422,147.3,482,-14,23.4
202203020210,12,3,ラングロワ,4,55.0,01164,121.8,440,+4,20.6
202203020210,13,1,ホーリーライン,6,55.0,01161,36.6,444,-2,6.45
202203020210,14,8,セイウンパワフル,5,57.0,01150,73.8,462,-8,11.25
202203020211,1,3,フェーングロッテン,3,55.0,01154,7.2,466,-4,2.65
202203020211,2,7,ショウナンマグマ,3,53.0,01179,10.5,506,+8,3.65
202203020211,3,1,サトノヘリオス,3,55.0,01174,6.3,460,-12,2.5
202203020211,4,11,ソネットフレーズ,3,54.0,01092,8.6,474,0,2.95
202203020211,5,13,ゴーゴーユタカ,3,54.0,01075,9.9,484,+8,3.4
202203020211,6,6,ボーンディスウェイ,3,55.0,01077,4.2,488,-2,1.75
202203020211,7,2,ホウオウノーサイド,3,53.0,01188,37.4,466,+2,8.45
202203020211,8,12,グランディア,3,54.0,01163,9.9,478,0,2.9
202203020211,9,10,ミッキーブンブン,3,52.0,01161,48.3,496,+2,7.6499999999999995
202203020211,10,4,オウケンボルト,3,52.0,05212,15.3,454,+6,4.05
202203020211,11,8,タガノフィナーレ,3,51.0,00733,72.4,478,-12,16.4
202203020211,12,9,ベジャール,3,56.0,05386,7.6,564,0,2.75
202203020211,13,5,クロスマジェスティ,3,53.0,00422,20.4,466,-6,5.3
202203020212,1,9,ライヴサファイア,3,52.0,01162,5.9,448,-2,2.15
202203020212,2,10,カリュウ,3,52.0,01169,17.7,420,0,3.8
202203020212,3,1,サンフィニティ,4,55.0,01092,105.2,438,0,16.95
202203020212,4,15,ペイシャカレン,3,52.0,00689,7.0,440,-6,2.5
202203020212,5,5,プランセスカグヤ,3,49.0,01183,20.1,450,-10,4.699999999999999
202203020212,6,11,ダイチヴィヴァン,3,54.0,01174,4.8,468,+12,1.9000000000000001
202203020212,7,7,シュロス,6,54.0,01184,75.3,520,-2,11.5
202203020212,8,4,レリスタット,5,55.0,00422,96.7,448,-6,12.8
202203020212,8,6,タイキザモーメント,5,57.0,01161,54.9,508,-14,8.5
202203020212,10,14,トラストパッキャオ,3,52.0,01179,3.9,468,+12,1.85
202203020212,11,8,スレプトン,5,57.0,01135,56.9,468,+4,8.7
202203020212,12,13,サカエショウ,3,54.0,05386,3.4,512,0,1.6
202203020212,13,16,ヤンチャプリヒメ,6,55.0,01163,142.7,438,-10,21.35
202203020212,14,2,スペシャルサンデー,4,54.0,01201,171.0,478,0,28.5
202203020212,15,12,フェスティヴノンノ,4,53.0,01188,177.5,456,+2,20.7
202210030201,1,4,ニホンピロヘイロー,7,58.0,01101,1.3,474,-8,1.05
202210030201,2,2,メイショウベンガル,5,60.0,01139,7.1,468,-6,3.6999999999999997
202210030201,3,8,サンライズアキレス,6,60.0,01035,6.9,510,0,3.15
202210030201,4,1,メイショウメイユウ,5,60.0,01123,23.5,430,-2,7.800000000000001
202210030201,5,6,スズカブランコ,6,60.0,01061,67.6,458,-14,15.8
202210030201,6,3,メイショウシャガ,5,57.0,01196,15.6,520,+8,6.55
202210030201,7,7,モズマゾク,4,60.0,01063,13.9,496,+2,4.85
202210030201,8,5,テーオールノワール,4,60.0,01066,110.2,490,-4,29.5
202210030202,1,5,クラシックステップ,3,56.0,01102,17.5,470,-6,3.8000000000000003
202210030202,2,4,スウィートスカー,3,54.0,01088,1.7,464,+10,1.15
202210030202,3,13,クリオミニーズ,3,56.0,01116,5.5,486,-2,1.8499999999999999
202210030202,4,3,カフジペンタゴン,3,56.0,00732,7.6,450,-8,2.1500000000000004
202210030202,5,2,ミエノアラジン,3,56.0,01142,91.4,444,+2,12.3
202210030202,6,7,ミーナティエルナ,3,50.0,01193,27.3,428,+2,8.05
202210030202,7,11,ファジュル,3,53.0,01199,65.0,442,-4,10.35
202210030202,8,12,ライラックワイン,3,52.0,01191,28.6,414,0,8.05
202210030202,9,1,セルリアンルネッタ,3,52.0,01187,53.7,460,+2,8.600000000000001
202210030202,10,8,アオイアルファワン,3,56.0,01126,6.0,448,+4,1.8
202210030202,11,16,マテンロウシリウス,3,56.0,00660,72.0,502,+8,10.75
202210030202,12,6,ソリトン,3,56.0,01156,336.8,440,0,42.35
202210030202,13,14,サンデーブライアン,3,53.0,01172,190.0,430,0,37.9
202210030202,14,10,サトノラッシュ,3,54.0,01185,95.2,514,+2,13.05
202210030202,15,9,テイエムフォンテ,3,56.0,01099,151.2,498,+6,22.5
202210030202,16,15,ブリエールセレスト,3,54.0,01171,402.8,386,+2,86.85
202210030203,1,6,ゴーウィズフェイス,3,54.0,01168,1.7,472,+2,1.1
202210030203,2,8,テイエムフェロー,3,56.0,01099,5.1,492,-4,1.7000000000000002
202210030203,3,13,ハクサンチェイス,3,56.0,01138,11.4,456,-4,2.75
202210030203,4,4,オーシンアズキ,3,54.0,01191,58.5,452,-16,10.75
202210030203,5,3,コイニオチテ,3,56.0,00660,7.8,494,-5,3.3000000000000003
202210030203,6,1,オーシンプラス,3,56.0,01116,28.8,468,+4,4.9
202210030203,7,11,クラウンスター,3,56.0,01141,39.9,444,+2,6.75
202210030203,8,12,メイショウアカツキ,3,52.0,01193,94.1,430,-2,15.899999999999999
202210030203,9,9,スーサンシーヴァー,3,56.0,00894,271.6,456,-8,39.55
202210030203,10,10,ルクスラピッド,3,53.0,01199,38.4,458,-8,7.550000000000001
202210030203,11,2,メイショウモヒート,3,54.0,01185,159.0,494,-2,25.200000000000003
202210030203,12,14,トーアレインボー,3,54.0,01124,28.7,484,-2,5.25
202210030203,13,7,エムズフラッシュ,3,56.0,00732,8.6,440,+2,2.9
202210030203,14,5,タケノマグナム,3,56.0,01180,102.0,460,-16,17.7
202210030204,1,10,オースミリン,3,54.0,01171,6.5,444,+4,2.25
202210030204,2,8,ワイルドベティ,3,52.0,01185,16.0,416,-8,4.75
202210030204,3,3,リゴレット,3,52.0,01191,10.9,430,+2,4.15
202210030204,4,14,タガノヒモロギ,3,54.0,01116,3.9,510,+2,1.75
202210030204,5,11,クリニエールグラス,3,54.0,01126,14.2,440,-6,3.85
202210030204,6,5,アンジュレイ,3,54.0,01102,9.6,472,-2,3.25
202210030204,7,6,シャウビンダー,3,54.0,01014,4.4,412,+14,1.9000000000000001
202210030204,8,4,ヴァラダムドラー,3,54.0,00732,23.2,516,-10,6.5
202210030204,9,9,ポジティブガール,3,54.0,01018,7.2,448,-8,2.0
202210030204,10,16,ヨリナホワイト,3,50.0,01187,187.9,426,-10,42.7
202210030204,11,12,レモンソフィア,3,51.0,01199,74.5,492,+14,16.7
202210030204,12,7,カンパニュール,3,54.0,01160,23.9,488,0,9.0
202210030204,13,15,ルージュディザイア,3,54.0,01168,92.1,458,-12,15.600000000000001
202210030204,14,13,スズカアーム,3,54.0,01165,76.6,480,+4,17.700000000000003
202210030204,15,1,カンタルーパ,3,50.0,01193,53.4,458,+22,9.25
202210030204,16,2,アイリスハート,3,53.0,01176,165.6,424,+12,68.65
202210030205,1,6,アリスヴェリテ,2,54.0,01088,3.9,448,0,1.4
202210030205,2,2,トーホウガレオン,2,54.0,01014,3.1,496,0,1.45
202210030205,3,8,カルンウェナン,2,54.0,00732,16.3,502,0,3.25
202210030205,4,4,サトノクローク,2,54.0,01126,3.6,474,0,1.5
202210030205,5,5,シャドウフューリー,2,54.0,01171,9.6,458,0,2.1
202210030205,6,3,ロジウムエポック,2,54.0,01168,36.5,476,0,7.4
202210030205,7,1,コパノハンプトン,2,54.0,01116,43.3,490,0,7.9
202210030205,8,7,ミヤジシャルマン,2,54.0,01018,7.6,466,0,2.1
202210030206,1,6,ロンドンプラン,2,54.0,01126,4.2,508,0,1.55
202210030206,2,5,パラシュラーマ,2,54.0,01014,4.1,448,0,1.55
202210030206,3,8,ミカッテヨンデイイ,2,50.0,01193,8.2,402,0,2.55
202210030206,4,9,キールロワイヤル,2,54.0,01180,3.2,450,0,1.4
202210030206,5,7,シュハリ,2,54.0,01018,10.0,416,0,2.6
202210030206,6,1,テイエムポピー,2,54.0,01124,29.2,430,0,4.65
202210030206,7,3,タムロショウリュー,2,54.0,00732,7.2,476,0,1.9000000000000001
202210030206,8,2,カシノラシット,2,50.0,01187,70.3,454,0,11.4
202210030207,1,6,サンライズグリット,4,57.0,01126,3.9,458,-2,1.8
202210030207,2,8,ニューダイアリーズ,3,54.0,01018,3.4,464,+2,1.5
202210030207,3,1,エルバリオ,3,54.0,01102,5.0,516,+2,1.8
202210030207,4,2,スマートビクター,3,54.0,01130,55.5,502,0,16.85
202210030207,5,10,ニホンピロクリフ,4,57.0,01165,12.7,480,0,3.1
202210030207,6,9,シゲルオトヒメ,3,49.0,01187,41.3,428,+2,8.4
202210030207,7,3,クロンヌドラレーヌ,3,49.0,01193,7.6,424,-6,2.55
202210030207,8,11,フロイング,4,57.0,00894,147.3,468,+2,23.25
202210030207,9,12,ゼウスバイオ,3,54.0,01019,31.9,498,+6,5.4
202210030207,10,7,ハギノメーテル,3,50.0,01191,10.9,484,0,3.3
202210030207,11,4,エアフォースワン,3,54.0,00732,8.9,452,-6,2.95
202210030207,12,5,アンノウンウォリア,3,54.0,01180,62.4,466,0,13.549999999999999
202210030208,1,4,カフジテトラゴン,3,52.0,01168,3.2,448,+4,1.5499999999999998
202210030208,2,2,ポメランチェ,3,49.0,01193,6.2,398,0,2.5
202210030208,3,8,タムロキュラムン,3,52.0,00732,22.0,444,-6,6.0
202210030208,4,12,エクロール,3,52.0,01018,8.7,424,+6,2.4
202210030208,5,5,テイエムエメラルド,4,55.0,01126,12.7,456,+4,3.6500000000000004
202210030208,6,1,ヴェールクレール,4,55.0,01014,4.2,466,-2,1.6
202210030208,7,9,ニューノーマル,3,49.0,01199,7.1,460,+8,2.4
202210030208,8,3,オーガスタスカイ,3,52.0,01171,23.3,486,-6,5.5
202210030208,9,11,ヴィルトゥオシタ,5,53.0,01191,11.8,450,0,3.3
202210030208,10,7,プリモプレミオ,6,53.0,01185,193.5,456,-8,29.599999999999998
202210030208,11,10,フライングバレル,4,51.0,01187,54.2,468,-4,12.55
202210030208,12,6,アザル,4,55.0,01116,57.2,434,0,6.95
202210030209,1,2,ガイアフォース,3,54.0,01126,1.4,490,+2,1.1
202210030209,2,4,サクセスドレーク,3,54.0,01116,10.7,490,-6,3.5
202210030209,3,3,ゼンノインヴォーク,3,54.0,01168,12.6,444,0,4.95
202210030209,4,10,ミスターホワイト,3,54.0,01014,8.1,506,0,4.1
202210030209,5,9,テーオーシリウス,4,57.0,01171,45.1,470,+12,13.350000000000001
202210030209,6,5,サトノマジェスタ,4,57.0,01018,108.4,482,-8,29.6
202210030209,7,6,リュウセイグン,4,57.0,00732,171.8,520,+10,44.75
202210030209,8,7,アルファヒディ,3,54.0,01088,6.3,488,-4,3.9
202210030209,9,8,ジョーコモド,3,54.0,01172,300.9,478,-8,81.45
202210030209,10,1,デュアルレインボー,3,54.0,01180,17.2,498,+6,5.5
202210030210,1,9,ディパッセ,3,54.0,01088,3.1,474,-12,1.7
202210030210,2,12,ジョウショーリード,5,55.0,01130,10.8,476,-2,2.4
202210030210,3,7,ミッキーヌチバナ,4,57.0,01037,3.7,536,+2,1.5
202210030210,4,2,ラルフ,4,57.0,01126,3.3,478,-6,1.45
202210030210,5,4,サンバデジャネイロ,4,55.0,01180,43.7,440,-10,7.3
202210030210,6,5,イグナーツ,6,57.0,01168,37.6,492,-10,8.35
202210030210,7,3,ラブスピール,5,55.0,01128,63.7,448,+10,7.8
202210030210,8,11,テイエムラッシュ,5,57.0,01124,45.6,496,+2,7.0
202210030210,9,6,スカーレットジンク,4,57.0,01116,11.0,456,-4,3.6
202210030210,10,10,ハイパーノヴァ,8,57.0,01019,12.8,496,+4,2.7
202210030210,11,8,イロエンピツ,4,55.0,00732,72.0,460,-20,16.25
202210030210,12,1,ドゥリトル,7,57.0,01147,254.6,488,+4,34.35
202210030211,1,5,テイエムスパーダ,3,48.0,01193,5.0,486,-2,2.2
202210030211,2,8,タイセイビジョン,5,57.0,01088,5.7,478,+2,1.9500000000000002
202210030211,3,2,アネゴハダ,3,49.0,01138,3.9,436,0,1.8
202210030211,4,12,スマートリアン,5,53.0,01019,6.5,476,-2,2.35
202210030211,5,10,メイショウチタン,5,54.0,01160,97.7,470,+4,18.35
202210030211,6,9,ロードベイリーフ,5,54.0,01018,28.2,478,-10,6.4
202210030211,7,15,スティクス,4,52.0,00732,10.2,496,+2,3.6
202210030211,8,14,タマモティータイム,5,50.0,01124,49.3,474,+8,9.5
202210030211,9,11,カリボール,6,54.0,01171,20.7,496,0,4.8
202210030211,10,16,アンコールプリュ,7,53.0,01116,73.3,446,-2,11.85
202210030211,11,6,メイショウケイメイ,6,51.0,01185,191.8,438,+4,33.35
202210030211,12,17,ファストフォース,6,56.0,01126,6.0,508,-14,2.2
202210030211,13,1,レインボーフラッグ,9,53.0,01125,230.5,456,-4,44.599999999999994
202210030211,14,4,シホノレジーナ,5,49.0,01199,126.8,498,-8,21.95
202210030211,15,7,スナークスター,6,52.0,01168,277.9,460,-6,51.7
202210030211,16,3,レジェーロ,5,54.0,01180,29.1,422,+4,9.25
202210030211,17,13,モントライゼ,4,55.0,01102,37.0,506,+6,8.350000000000001
202210030212,1,13,キングズソード,3,50.0,01193,2.2,498,0,1.5
202210030212,2,5,ケイアイメビウス,3,54.0,01138,15.7,504,-1,3.8499999999999996
202210030212,3,12,ロードドミニオン,5,57.0,01128,10.1,438,0,2.6500000000000004
202210030212,4,8,ミキノプリンス,3,54.0,01018,61.2,478,-2,10.0
202210030212,5,4,サムハンター,4,57.0,00660,13.3,488,+12,3.55
202210030212,6,11,ウインアウォード,3,51.0,01199,7.0,522,+8,2.7
202210030212,7,6,エグモント,3,50.0,01185,8.4,514,-2,2.7
202210030212,8,2,ノーブルキャニオン,4,57.0,01099,125.3,480,+10,12.649999999999999
202210030212,9,10,テイエムシニスター,3,54.0,01168,18.0,472,-8,4.1
202210030212,10,3,ヴィジャーヤ,4,57.0,01147,43.1,456,+2,8.55
202210030212,11,7,ヴィオマージュ,4,57.0,01171,32.0,492,0,5.6
202210030212,12,1,キクノクライフ,4,55.0,01191,45.0,498,-2,6.550000000000001
202210030212,13,9,アファン,3,52.0,00732,6.4,490,-10,1.85
202202010801,1,3,シンゼンイズモ,2,54.0,01157,4.8,492,+2,1.65
202202010801,2,4,ゴコウサス,2,54.0,01115,2.9,450,+8,1.35
202202010801,3,10,ルーチェステラーレ,2,54.0,01025,7.4,456,+6,2.45
202202010801,4,2,メイショウギシオー,2,54.0,05203,6.1,508,-6,2.2
202202010801,5,7,ヒルノピレネー,2,54.0,01032,8.6,460,0,2.75
202202010801,6,8,トロピカルヒーロー,2,54.0,01144,18.9,476,+10,5.199999999999999
202202010801,7,5,レイズミーアップ,2,54.0,01062,152.7,414,0,35.35
202202010801,8,6,ツキガミ,2,54.0,01091,24.9,416,-4,5.0
202202010801,9,11,ピスティス,2,54.0,01127,35.4,418,+2,6.9
202202010801,10,1,ウィズアットダンス,2,53.0,01181,9.4,398,+6,2.5
202202010801,11,9,ヘイトアルーズ,2,51.0,01192,222.1,410,-6,51.55
202202010802,1,2,タイガークリスエス,3,56.0,00666,7.6,470,-2,2.9000000000000004
202202010802,2,11,オーブラック,3,56.0,01091,1.7,502,+2,1.1
202202010802,3,8,キリシマタウン,3,54.0,01186,4.7,444,+4,2.0
202202010802,4,5,ルルネージュ,3,54.0,01025,85.6,476,+2,15.3
202202010802,5,3,メイショウカンギク,3,53.0,01182,70.8,466,+2,13.9
202202010802,6,10,イデアファイブ,3,54.0,01109,165.0,422,+4,25.8
202202010802,7,1,サリーチャン,3,53.0,01181,17.5,442,-2,4.45
202202010802,8,7,タイセイプロシード,3,56.0,01157,6.8,484,+22,4.15
202202010802,9,4,タイセイレーヴ,3,52.0,01190,38.3,504,-4,11.850000000000001
202202010802,10,12,シゲルボス,3,56.0,01030,20.8,466,-8,6.65
202202010802,11,6,アマゴ,3,54.0,05243,180.5,454,+10,32.35
202202010802,12,9,オーケードリーム,3,51.0,01192,39.3,460,+14,14.8
202202010803,1,7,キタノセレナード,3,56.0,01095,1.5,444,-2,1.1
202202010803,2,12,テイエムビシャモン,3,56.0,01015,7.2,490,-2,2.25
202202010803,3,9,ロルバーンスカイ,3,56.0,01091,4.5,448,+2,2.05
202202010803,4,4,タロマイスター,3,53.0,01194,221.1,480,+4,39.55
202202010803,5,8,アトランティス,3,56.0,05203,10.7,490,-2,3.6
202202010803,6,3,メルト,3,56.0,01108,10.8,490,0,3.45
202202010803,7,1,タフトテソーロ,3,56.0,01115,24.6,470,+6,4.1
202202010803,8,2,ラッフルズプレース,3,56.0,01127,108.8,448,+2,13.65
202202010803,9,6,ダンスデミルリトン,3,53.0,01192,192.5,450,0,32.65
202202010803,10,5,ライブリインパクト,3,56.0,01133,308.6,466,-2,38.2
202202010803,11,10,ビューティフルラブ,3,53.0,01181,74.7,422,-4,10.35
202202010803,12,11,デエスデュヴァン,3,54.0,01157,165.8,454,+18,26.65
202202010804,1,12,スーリールダンジュ,3,54.0,00666,3.8,476,+10,1.8
202202010804,2,8,ウムラウト,3,54.0,01178,41.2,382,+10,10.05
202202010804,3,11,マヒナライズ,3,54.0,01093,4.4,418,+4,1.6
202202010804,4,1,ジェネラルウィル,3,53.0,01181,38.1,456,-2,9.3
202202010804,5,2,ヒロシゲパール,3,54.0,01030,12.1,482,+8,4.65
202202010804,6,4,ウォータージーニー,3,56.0,01115,22.2,486,-4,5.65
202202010804,7,7,ニャンチンノン,3,55.0,01182,48.0,454,+4,13.549999999999999
202202010804,8,15,リーセフィヨルド,3,54.0,01032,8.8,468,-4,3.7
202202010804,9,6,フーレイ,3,54.0,01157,11.1,442,+2,3.2
202202010804,10,3,ダイヤモンドフジ,3,56.0,01170,5.0,460,+6,1.8
202202010804,11,9,コスモプルエバ,3,54.0,01091,11.8,432,+6,2.8
202202010804,12,13,アメトリンルナ,3,54.0,01127,39.1,440,-4,8.8
202202010804,13,16,バリオーレ,3,52.0,01186,28.5,440,-4,6.8
202202010804,14,5,ワンダフルサマー,3,56.0,01117,373.9,472,-6,84.75
202202010804,15,14,フウジンショウジョ,3,51.0,01192,174.7,496,+16,40.599999999999994
202202010804,16,10,ルージュエピス,3,54.0,05203,92.2,464,+4,23.65
202202010805,1,8,シーウィザード,2,54.0,01115,8.9,456,0,2.25
202202010805,2,6,ルクスグローリア,2,54.0,01170,2.0,494,0,1.2000000000000002
202202010805,3,2,ヴェンチュラムーン,2,51.0,01192,5.8,420,0,1.7000000000000002
202202010805,4,1,アオラキ,2,54.0,01032,5.9,444,0,2.25
202202010805,5,3,ジューンナックル,2,54.0,01140,50.7,446,0,7.85
202202010805,6,5,プエルトボニータ,2,54.0,00666,6.6,484,0,1.8499999999999999
202202010805,7,4,カイラシ,2,54.0,01093,14.2,428,0,2.4
202202010805,8,7,キタノグリエル,2,54.0,01095,68.8,468,0,12.5
202202010806,1,11,ビヨンドザリミット,3,52.0,01186,56.4,462,+10,20.25
202202010806,2,2,バレル,3,56.0,01095,6.2,470,-4,2.05
202202010806,3,9,ダノンフロイデ,3,56.0,01093,14.2,472,+4,3.3
202202010806,4,10,オウケンムーンアイ,3,54.0,01157,16.7,434,+12,4.5
202202010806,5,5,コスモゴレアドール,3,56.0,01091,33.2,422,0,6.85
202202010806,6,3,マイネルキング,3,56.0,01170,4.2,480,0,1.9000000000000001
202202010806,7,8,ウィングローリー,3,56.0,01030,13.2,468,+6,3.65
202202010806,8,1,グランドゴールド,3,56.0,01127,4.3,440,-10,1.6
202202010806,9,13,グロー,3,56.0,01032,4.3,472,+2,1.9000000000000001
202202010806,10,12,クリノインパクト,3,56.0,00666,26.4,462,-2,7.800000000000001
202202010806,11,6,ウインシュプリーム,3,56.0,05203,13.6,450,0,3.8
202202010806,12,4,スズカマース,3,54.0,01115,80.1,472,+2,23.8
202202010806,13,7,マルカフロンターレ,3,56.0,01140,69.1,490,+12,19.55
202202010807,1,4,フローラルビアンカ,3,52.0,01093,27.3,480,+10,7.75
202202010807,2,7,レリジールダモーレ,3,49.0,01192,23.2,448,+18,6.95
202202010807,3,5,ラズライト,3,51.0,01181,14.0,434,+8,3.2
202202010807,4,10,スカンジナビア,3,50.0,01186,3.0,444,-6,1.65
202202010807,5,12,チャプリ,3,52.0,01170,4.8,474,+6,1.8
202202010807,6,3,セレッソ,3,52.0,01140,9.4,478,+22,2.95
202202010807,7,1,テンナイトパール,6,55.0,01025,154.8,490,-6,22.0
202202010807,8,13,ケイツーマルカ,4,55.0,00666,23.9,502,-2,5.95
202202010807,9,6,レスペディーザ,4,55.0,01032,4.4,440,+12,1.65
202202010807,10,8,ウインホノカ,6,53.0,01173,238.3,426,+6,31.6
202202010807,11,2,マヤローザ,4,54.0,01182,49.2,448,+2,9.15
202202010807,12,9,スリーマイトコーズ,4,55.0,01127,85.8,452,-2,13.3
202202010807,13,14,メイショウヒメゴゼ,3,52.0,01115,7.0,470,0,2.3
202202010807,14,11,キャットリング,4,51.0,01190,147.7,428,+2,31.700000000000003
202202010808,1,5,オンリーオピニオン,3,52.0,01091,2.7,480,-2,1.7
202202010808,2,2,ダイム,3,52.0,01140,2.0,444,+4,1.1
202202010808,3,4,ユキノプリンセス,3,50.0,01186,28.0,468,-2,4.7
202202010808,4,7,アルマイナンナ,5,55.0,01144,56.4,450,-8,7.4
202202010808,5,10,クリノサンシャイン,5,55.0,01015,136.1,448,+22,19.65
202202010808,6,6,コスモミローディア,6,57.0,01178,34.8,480,0,6.45
202202010808,7,8,ショベルヘッド,4,57.0,01093,30.9,472,+4,5.8
202202010808,8,3,スマートワン,4,57.0,00666,4.7,486,+8,1.9
202202010808,9,1,ガルブグリーン,3,49.0,01192,23.3,442,0,4.75
202202010808,10,9,タマモエース,3,51.0,01177,73.2,458,0,9.5
202202010809,1,11,バトーデュシエル,5,55.0,05203,13.3,478,-2,3.4
202202010809,2,8,モンファボリ,4,55.0,00666,3.1,452,-2,1.4500000000000002
202202010809,3,6,テーオーメアリー,4,55.0,01015,76.9,480,+8,14.35
202202010809,4,15,メイショウエニシア,4,55.0,01093,7.7,450,+4,2.45
202202010809,5,4,エコロデイジー,4,55.0,01144,35.6,490,+8,8.7
202202010809,6,10,デルマカンノン,4,55.0,01181,61.8,454,+2,12.2
202202010809,7,9,カバーガール,4,55.0,01115,91.7,478,+4,15.85
202202010809,8,13,リトス,3,52.0,01178,23.0,410,+4,5.550000000000001
202202010809,9,14,メイショウツワブキ,4,55.0,01030,26.3,494,-2,7.55
202202010809,10,3,メイショウツツジ,4,55.0,01182,22.4,428,-4,5.550000000000001
202202010809,11,12,トップキャスト,3,52.0,01157,9.3,440,+4,3.25
202202010809,12,5,ラヴケリー,4,55.0,01032,9.0,454,0,2.55
202202010809,13,1,イルヴェントドーロ,6,55.0,01186,125.5,458,-2,44.95
202202010809,14,2,ディキシークイーン,5,55.0,01140,103.2,498,+6,21.85
202202010809,15,7,セリノーフォス,3,52.0,01095,4.3,460,+14,1.9000000000000001
202202010809,16,16,エテルナメンテ,3,52.0,01192,15.0,468,+4,4.65
202202010810,1,5,ブラッティーキッド,4,57.0,01133,1.5,500,-2,1.15
202202010810,2,9,ラヴィータエベラ,5,57.0,01095,5.6,506,-2,1.8499999999999999
202202010810,3,10,キュールエフウジン,3,54.0,01178,12.1,488,+4,2.95
202202010810,4,7,メイショウナリヒラ,4,57.0,00666,22.9,468,+4,4.25
202202010810,5,1,シンヨモギネス,4,57.0,01170,16.0,480,0,3.6500000000000004
202202010810,6,2,ブルーコンパクタ,6,57.0,01157,77.8,464,+2,8.35
202202010810,7,6,アースライザー,5,57.0,01091,26.3,482,+4,4.1
202202010810,8,4,バルサミックムーン,5,57.0,01144,17.9,504,+12,3.25
202202010810,9,8,サクセスエース,4,57.0,01192,76.0,484,0,10.5
202202010810,10,3,ロスコフ,4,57.0,01140,7.1,496,-2,2.0
202202010811,1,3,ホウオウピースフル,5,54.0,01117,6.3,496,-6,2.25
202202010811,2,9,ワールドリバイバル,4,56.0,01144,4.8,510,-4,2.0
202202010811,3,2,サトノクロニクル,8,57.0,01178,49.5,472,-6,10.05
202202010811,4,6,ウインイクシード,8,57.0,01170,6.1,500,+2,2.35
202202010811,5,10,モンブランテソーロ,6,56.0,01140,5.2,484,-2,2.0
202202010811,6,11,ランフォザローゼス,6,57.0,00666,24.4,496,-4,5.9
202202010811,7,5,ロードマックス,4,56.0,01030,6.8,448,+8,2.4000000000000004
202202010811,8,7,ハーメティキスト,6,56.0,01032,7.4,464,0,2.3
202202010811,9,12,ウインアグライア,4,54.0,01109,65.3,478,0,15.6
202202010811,10,1,アイスバブル,7,59.0,01133,34.3,474,+6,7.05
202202010811,11,4,ジェネラーレウーノ,7,59.0,01091,63.0,520,+6,14.05
202202010811,12,8,ベルダーイメル,5,56.0,01095,7.5,458,0,3.1500000000000004
202202010812,1,10,カルネアサーダ,3,52.0,01157,1.4,460,+6,1.1
202202010812,2,12,スズカサウスソング,5,56.0,01182,14.5,508,0,3.0999999999999996
202202010812,3,7,サウンドブライアン,4,57.0,01032,21.2,482,0,2.85
202202010812,4,11,アカザ,3,52.0,01091,23.4,432,0,5.1
202202010812,5,3,スンヌンタイ,3,52.0,01170,7.0,496,+2,2.1
202202010812,6,9,サンランシング,4,52.0,01177,91.8,482,+12,9.9
202202010812,7,2,ルアル,3,54.0,01095,5.5,510,-2,1.7999999999999998
202202010812,8,5,クレイジーリッチ,4,57.0,01144,61.5,498,-2,4.3
202202010812,9,8,ディアナグラン,4,54.0,01181,60.5,484,-7,10.2
202202010812,10,6,マイネルアミスター,4,54.0,01192,32.5,504,+6,5.25
202202010812,11,4,クリオズナ,4,53.0,01186,157.5,450,0,25.95
202203020301,1,7,ハンデンリリー,2,54.0,01162,22.2,412,-4,4.3
202203020301,2,1,ピンクジン,2,52.0,01188,2.5,414,-4,1.3
202203020301,3,4,クレイプマートル,2,54.0,01135,4.0,510,0,1.4
202203020301,4,6,マイネルフォルツァ,2,54.0,01009,5.8,486,+8,1.7000000000000002
202203020301,5,8,ワタシハマジョ,2,54.0,01161,12.3,450,-2,3.0999999999999996
202203020301,6,3,トータルプラン,2,51.0,01184,81.4,454,-8,11.75
202203020301,7,2,クリノリアルレディ,2,54.0,01085,4.8,466,-4,1.7000000000000002
202203020301,8,5,カーターテソーロ,2,54.0,01167,53.4,488,-4,9.45
202203020301,9,9,フューチャーアゲン,2,54.0,00422,113.9,460,+2,17.25
202203020301,10,10,ナブラチロワ,2,54.0,01143,184.7,466,-10,34.4
202203020302,1,8,ゴッドファーザー,2,54.0,05386,1.4,498,-8,1.05
202203020302,2,3,トーセンサウダージ,2,54.0,01162,2.8,480,-10,2.05
202203020302,3,1,フェスティヴチャン,2,54.0,01158,105.7,454,-8,24.05
202203020302,4,7,レインボーウォリア,2,54.0,01135,134.7,438,-4,32.35
202203020302,5,2,シルバーダイヤ,2,54.0,00641,9.1,446,-4,3.75
202203020302,6,4,フェスティヴラジャ,2,54.0,01161,28.5,444,-6,5.8
202203020302,7,6,ニシノオールマイト,2,54.0,00422,62.7,466,0,11.4
202203020302,8,5,ナムラテディー,2,54.0,01153,86.1,466,0,18.5
202203020303,1,1,ハクサンセレーネ,3,54.0,01179,4.9,424,-6,1.9500000000000002
202203020303,2,3,アイアムラベンダー,3,51.0,01183,9.8,452,-10,3.45
202203020303,3,8,エイシンドゥルガー,3,54.0,01085,52.8,488,+8,11.350000000000001
202203020303,4,2,ミッテルライン,3,54.0,01135,70.6,418,-6,17.7
202203020303,5,15,セオリーリターン,3,54.0,01134,7.3,452,-8,2.2
202203020303,6,14,キョウコウトッパ,3,54.0,00733,5.9,468,+2,1.85
202203020303,7,4,グランパドゥシャ,3,54.0,01169,13.4,436,+16,3.75
202203020303,8,9,ムーンワード,3,54.0,01162,19.2,482,+2,6.0
202203020303,9,12,エムアイリーズン,3,52.0,01164,7.4,472,+2,3.1
202203020303,10,5,ミルクメイド,3,54.0,01152,52.7,502,-10,13.65
202203020303,11,10,アシャカシーザ,3,54.0,01092,16.2,438,-22,5.15
202203020303,12,6,ルネッタ,3,52.0,01188,163.8,404,-4,44.45
202203020303,13,16,プランタニエール,3,54.0,01158,60.4,432,+16,14.05
202203020303,14,13,ディアマンネージュ,3,54.0,01117,306.3,482,+2,85.65
202203020303,15,11,ハクサンセーラー,3,51.0,01197,4.3,432,-2,1.9500000000000002
202203020303,16,7,アルファプリンセス,3,51.0,01184,117.0,496,0,28.900000000000002
202203020304,1,4,リゼレインボー,3,56.0,01077,2.4,478,-4,1.3
202203020304,2,15,マヨン,3,56.0,01122,3.1,476,+8,1.4
202203020304,3,1,リュウキュウカリー,3,53.0,01197,17.8,444,-4,5.300000000000001
202203020304,4,14,ノーブルグレイシャ,3,54.0,01169,8.5,470,+8,2.45
202203020304,5,12,スプリームメロディ,3,54.0,01009,336.8,432,-4,63.050000000000004
202203020304,6,3,パープライト,3,56.0,01158,20.4,460,0,4.699999999999999
202203020304,7,9,リュウバター,3,56.0,01117,18.1,474,-2,4.35
202203020304,8,6,ロードマグマ,3,56.0,01162,64.1,452,-16,11.3
202203020304,9,11,パーペチュイティ,3,56.0,01092,12.6,582,+4,3.3
202203020304,10,10,セイウンフィーバー,3,56.0,00422,17.4,434,-6,3.3499999999999996
202203020304,11,8,スクナ,3,56.0,01143,28.1,450,0,5.6
202203020304,12,2,インパチェンス,3,54.0,01188,29.7,492,-2,7.550000000000001
202203020304,13,7,ミヤビピオニー,3,52.0,01164,78.0,508,+2,16.05
202203020304,14,5,キタノブルーアレツ,3,54.0,01167,95.6,452,-12,15.649999999999999
202203020304,15,13,ピースワンヴェリテ,3,56.0,01134,409.5,504,-2,91.9
202203020305,1,5,マイネルズーメン,2,54.0,01009,7.8,404,0,2.35
202203020305,2,11,フィールザオーラ,2,54.0,01122,4.3,458,0,1.65
202203020305,3,9,アンタノバラード,2,54.0,01135,10.2,434,0,2.35
202203020305,4,10,アップトゥミー,2,54.0,01179,2.6,476,0,1.25
202203020305,5,6,スナイチゴールド,2,52.0,01164,40.4,506,0,7.75
202203020305,6,1,サンデュエル,2,54.0,01077,4.8,486,0,1.8
202203020305,7,7,バンドネオン,2,54.0,05386,12.0,502,0,3.5
202203020305,8,3,アカサンピン,2,54.0,01153,53.7,482,0,7.05
202203020305,9,4,クリノクオン,2,54.0,01085,152.4,456,0,24.75
202203020305,10,8,アギレラビーム,2,51.0,01201,122.5,438,0,18.45
202203020305,11,2,レイシン,2,54.0,00684,108.4,502,0,12.950000000000001
202203020306,1,5,シルヴァーゴースト,2,54.0,01009,8.9,444,0,2.0
202203020306,2,6,ベアサッチャー,2,54.0,01085,2.6,466,0,1.25
202203020306,3,7,テンプーシャオン,2,54.0,01077,3.4,428,0,1.7
202203020306,4,10,ライトブラーヴ,2,54.0,05386,5.2,396,0,1.75
202203020306,5,4,フィーユエクレール,2,52.0,01188,15.8,422,0,3.5500000000000003
202203020306,6,11,マリノペガサス,2,51.0,01184,23.2,436,0,4.2
202203020306,7,3,グリームクィーン,2,51.0,01183,53.8,438,0,9.65
202203020306,8,1,キタノソロモン,2,54.0,01029,67.8,456,0,10.899999999999999
202203020306,9,9,ペイシャマカロン,2,54.0,01179,16.2,388,0,3.5
202203020306,10,8,セイカベラトリクス,2,54.0,00422,105.5,472,0,22.15
202203020306,11,2,オウユーナッシング,2,54.0,01143,64.7,440,0,9.55
202203020307,1,9,パトリックハンサム,3,56.0,00422,5.2,468,+2,1.8
202203020307,2,4,ヒメゴゼン,3,54.0,01009,10.6,396,-4,2.9
202203020307,3,2,マルターズデイ,3,56.0,01085,6.7,498,+2,2.25
202203020307,4,3,デルマセイレーン,3,54.0,01118,73.3,432,+4,13.600000000000001
202203020307,5,6,ナイルプロジェクト,3,54.0,01122,3.2,434,-2,1.4500000000000002
202203020307,6,14,ブルーグラスソング,3,54.0,01117,27.2,444,0,5.0
202203020307,7,12,アンジェラカフェ,3,54.0,01029,333.9,458,0,55.0
202203020307,8,8,ダイゴシンリュウ,3,56.0,00689,36.4,426,-2,7.15
202203020307,9,15,スプレッドアウト,3,56.0,01092,4.0,506,0,2.1
202203020307,10,10,ルージュノブレス,3,54.0,01134,140.0,434,0,28.049999999999997
202203020307,11,5,ケイティーズジョウ,3,54.0,01161,268.1,452,-4,45.2
202203020307,12,7,エレウテリア,3,53.0,01183,209.9,454,-10,32.55
202203020307,13,13,ウィズアウトリーチ,3,56.0,01158,288.2,478,-2,48.3
202203020307,14,16,サクラレイピア,3,54.0,01135,162.1,456,+8,23.299999999999997
202203020307,15,1,ミッキーキング,3,56.0,01179,13.0,464,+4,4.199999999999999
202203020307,16,11,カルチェリノイオリ,3,52.0,01188,12.8,438,+8,3.3
202203020308,1,15,メンアットワーク,3,54.0,01075,1.3,450,+4,1.1
202203020308,2,7,クルル,3,51.0,01197,69.5,486,+2,18.05
202203020308,3,13,トロンアゲイン,4,53.0,01188,6.9,450,+10,2.45
202203020308,4,12,マイネルサハラ,3,54.0,01009,58.6,460,-8,17.9
202203020308,5,9,ラインメッセージ,3,54.0,01169,52.7,494,+6,14.4
202203020308,6,4,セザンテイオー,4,57.0,00733,217.2,504,0,42.5
202203020308,7,1,ホワイトクロウ,4,57.0,01092,28.4,464,-2,6.75
202203020308,8,8,メレカリキマカ,4,57.0,01161,216.5,490,0,50.75
202203020308,9,2,トリグラフ,3,51.0,01184,19.8,442,0,5.35
202203020308,10,11,アーバンヒーロー,4,57.0,01085,329.2,498,-2,67.45
202203020308,11,6,キタノブレイド,3,54.0,01162,10.3,454,+4,3.5
202203020308,12,5,ホウオウヴォーヌ,4,57.0,00422,103.5,478,-6,22.75
202203020308,13,14,コンクエスト,3,54.0,01179,8.6,486,-2,3.45
202203020308,14,3,モール,3,54.0,01077,61.9,458,-14,15.75
202203020308,15,10,グラフィティウォー,3,51.0,01183,324.5,440,-3,88.25
202203020309,1,4,ヤマニンガラッシア,5,57.0,05386,4.2,446,-4,1.6500000000000001
202203020309,2,7,ウィリン,3,52.0,05212,1.7,426,0,1.1
202203020309,3,3,スターライトキス,7,55.0,01085,73.5,508,-8,10.100000000000001
202203020309,4,11,ドラゴンゴクウ,3,54.0,01164,62.2,466,+6,10.75
202203020309,5,1,オードゥメール,3,52.0,01179,4.6,452,0,2.1
202203020309,6,10,ユナイテッドハーツ,4,57.0,01117,16.9,434,-4,3.4
202203020309,7,6,ダイシンユノ,5,55.0,01134,69.4,426,+8,16.65
202203020309,8,2,シャドウファックス,4,55.0,01122,12.1,454,-14,3.75
202203020309,9,9,エコロマリン,4,55.0,01161,89.5,452,-4,14.399999999999999
202203020309,10,8,エレガントモダン,3,52.0,01118,131.6,440,+2,17.1
202203020309,11,5,リキサンムスタング,6,57.0,01183,105.7,512,+12,17.05
202203020310,1,7,マイネルマーティン,4,57.0,05212,3.3,500,+4,1.4500000000000002
202203020310,2,13,レッドラディエンス,3,54.0,05386,2.4,494,+8,1.55
202203020310,3,12,ピノクル,6,57.0,01179,14.2,474,-6,2.8
202203020310,4,2,ビートザウイングス,5,57.0,01188,13.3,472,-14,4.0
202203020310,5,1,フィデリオグリーン,6,57.0,01184,91.6,494,+2,13.25
202203020310,6,3,マイネルステレール,6,57.0,01009,59.2,486,+2,8.6
202203020310,7,4,エクセレントタイム,4,57.0,01169,13.5,480,+4,3.3
202203020310,8,8,ダノンシュネラ,4,55.0,01077,12.8,504,-4,3.85
202203020310,9,11,ピースディオン,5,57.0,00689,20.0,492,0,4.85
202203020310,10,10,メリディアンローグ,5,57.0,01167,28.3,484,-16,6.25
202203020310,11,6,コスモスタック,5,57.0,01158,44.4,472,+8,10.2
202203020310,12,9,リリーブライト,4,57.0,00422,8.4,474,-2,1.95
202203020310,13,5,フューリアス,4,57.0,01161,290.8,430,+2,44.2
202203020311,1,3,ゴールドスミス,8,54.0,01077,17.6,520,-4,5.050000000000001
202203020311,2,7,エターナルヴィテス,6,52.0,00684,82.5,474,-6,14.9
202203020311,3,16,ホウオウラスカーズ,4,53.0,01122,10.8,448,-4,3.6
202203020311,4,10,ワールドスケール,5,54.0,01162,39.6,470,+4,9.1
202203020311,5,6,ウエストンバート,4,54.0,01117,18.1,536,-2,5.300000000000001
202203020311,6,11,ブレイブメジャー,6,55.0,01092,17.7,494,+4,4.4
202203020311,7,15,ウイングレイテスト,5,56.0,01085,6.7,496,-18,2.55
202203020311,8,2,アールバロン,4,54.0,05212,4.2,504,-2,1.85
202203020311,9,1,スーパーブレイク,8,53.0,01152,197.2,472,-6,37.45
202203020311,10,8,フォワードアゲン,5,53.0,01169,25.5,428,0,6.65
202203020311,11,4,ウインレフィナード,6,54.0,01188,209.9,458,0,32.6
202203020311,12,13,パープルレディー,4,52.0,00733,8.3,412,-4,2.95
202203020311,13,14,ルヴァン,5,54.0,00422,46.7,476,+2,9.2
202203020311,14,9,ロードシャムロック,5,56.0,01075,13.2,494,-14,3.8000000000000003
202203020311,15,12,シュバルツカイザー,4,56.0,05386,9.8,508,+4,3.3499999999999996
202203020312,1,12,ナックドロップス,3,52.0,01162,11.7,456,0,3.8
202203020312,2,16,モネ,3,52.0,01092,9.0,456,0,3.4499999999999997
202203020312,3,5,パウオレ,3,52.0,05386,1.4,458,-6,1.1
202203020312,4,6,ノアファンタジー,4,52.0,01197,42.8,478,-4,13.350000000000001
202203020312,5,15,ヴァンデリオン,5,57.0,01158,75.5,490,-7,13.549999999999999
202203020312,6,3,ミューティー,5,55.0,00733,124.7,482,-8,21.099999999999998
202203020312,7,8,アウトパフォーム,3,54.0,01179,9.9,444,0,3.35
202203020312,8,11,ダイチラファール,3,52.0,01188,24.5,440,+6,6.9
202203020312,9,4,トーセンアマンダ,4,53.0,01164,224.4,472,-2,62.900000000000006
202203020312,10,14,プロトサマニ,4,55.0,01135,103.4,514,+32,29.55
202203020312,11,1,デュアルキャリアー,6,57.0,01075,14.3,548,-12,4.699999999999999
202203020312,12,10,バットオールソー,7,57.0,01117,72.0,462,-4,10.4
202203020312,13,2,レオテソーロ,4,54.0,01184,184.6,462,-12,39.15
202203020312,14,9,ウインラザンツ,4,57.0,01085,21.3,522,+6,5.75
202203020312,15,7,ドリームウィーバー,4,54.0,01183,318.9,468,-7,97.0
202203020312,16,13,トーレスデルパイネ,5,55.0,00726,320.3,478,-4,97.5
202210030301,1,10,タガノペルマネンテ,5,58.0,01072,4.1,446,-12,1.6
202210030301,2,7,メイショウアツイタ,4,60.0,01066,6.1,486,-10,1.75
202210030301,3,3,スーパーフェイバー,4,60.0,01123,3.9,490,-8,1.6
202210030301,4,4,アスタースウィング,8,60.0,01035,11.9,524,0,3.1500000000000004
202210030301,5,1,アマネセール,6,60.0,01139,3.6,484,+4,1.65
202210030301,6,8,ラマルセイエーズ,4,58.0,01061,18.3,478,-12,5.3
202210030301,7,2,スワーヴドン,5,60.0,01005,13.4,498,+2,3.7
202210030301,8,6,ゼンノジャスタ,5,60.0,01101,17.1,458,-2,5.5
202210030302,1,4,マイネルカーライル,2,54.0,01018,4.2,472,+4,2.05
202210030302,2,1,リヤンドメテオール,2,54.0,01088,2.2,460,-4,1.35
202210030302,3,5,リコッチ,2,54.0,01168,31.1,454,-4,9.55
202210030302,4,3,ガルヴァナイズ,2,54.0,01014,2.5,478,+8,1.25
202210030302,5,6,ベッピンサン,2,50.0,01193,11.9,488,+2,5.15
202210030302,6,2,シンドバッド,2,54.0,01174,67.1,464,-2,24.8
202210030303,1,9,ヤマタカフェイス,3,56.0,01125,17.5,492,+2,7.199999999999999
202210030303,2,12,クリーンジーニアス,3,54.0,01171,1.2,452,+6,1.05
202210030303,3,14,フィオリーカズマ,3,54.0,01191,30.4,466,-2,10.85
202210030303,4,10,ジュエリークラフト,3,52.0,01193,10.7,486,+4,5.05
202210030303,5,11,グッドウッドガイ,3,56.0,01141,14.6,500,-4,5.65
202210030303,6,8,イレギュラー,3,55.0,01176,35.1,440,+4,10.95
202210030303,7,2,アイファームーラン,3,54.0,01138,98.6,442,-2,25.2
202210030303,8,13,エルメニア,3,52.0,01185,17.2,444,-6,7.1
202210030303,9,7,ポスキアーヴォ,3,50.0,01187,45.4,404,+4,12.4
202210030303,10,4,ウォーターアイアイ,3,54.0,00732,38.5,430,-1,11.3
202210030303,11,6,ライブリスマイル,3,53.0,01199,157.8,456,-14,43.55
202210030303,12,3,カマンザ,3,56.0,01147,237.9,472,-10,83.85
202210030303,13,5,ウイングボルドー,3,54.0,01168,310.5,488,-2,118.89999999999999
202210030303,14,1,ヒエラポリス,3,56.0,01165,106.5,482,0,40.3
202210030304,1,5,サトノパシュート,5,60.0,01046,5.1,472,-10,2.05
202210030304,2,6,スズカフロンティア,8,61.0,00691,1.7,432,-16,1.35
202210030304,3,2,キーパンチ,5,60.0,01105,5.5,464,-4,2.25
202210030304,4,1,マイネルプロンプト,10,62.0,01196,4.8,478,+2,2.05
202210030304,5,4,ビルジキール,6,60.0,01101,23.9,492,-10,8.4
202210030304,6,3,インビジブルレイズ,8,60.0,01066,17.1,474,-12,5.55
202210030305,1,3,タマモブラックタイ,2,51.0,01199,14.3,516,0,3.0999999999999996
202210030305,2,6,ネイキッド,2,54.0,01088,2.5,458,0,1.25
202210030305,3,7,ニシノトキメキ,2,53.0,01176,12.5,478,0,2.85
202210030305,4,4,トーホウダリンシア,2,54.0,01014,6.4,420,0,1.8
202210030305,5,1,ストリンジェンド,2,54.0,01102,4.8,472,0,1.7
202210030305,6,5,キャビネットバトル,2,54.0,01142,63.5,424,0,9.350000000000001
202210030305,7,9,アルルカン,2,50.0,01193,4.4,474,0,1.9
202210030305,8,10,ナイツオブラウンド,2,54.0,01116,52.7,444,0,12.05
202210030305,9,8,テイエムアタック,2,54.0,01138,127.5,438,0,23.200000000000003
202210030305,10,2,ダンツセリカ,2,54.0,01019,29.9,466,0,5.449999999999999
202210030306,1,2,エピプランセス,3,54.0,01126,3.1,436,+6,1.45
202210030306,2,11,ルージュラジョア,3,54.0,01088,3.2,452,-4,1.45
202210030306,3,16,ライトストリーム,3,54.0,01171,241.2,464,0,39.35
202210030306,4,12,モンサンプリーモ,3,54.0,01174,6.4,476,-10,2.4
202210030306,5,1,イヴィステラ,3,54.0,01014,3.9,448,+8,1.6
202210030306,6,9,セルフエスティーム,3,50.0,01193,15.0,452,+10,3.8
202210030306,7,7,ベガエクスプレス,3,54.0,01141,119.0,424,-2,13.85
202210030306,8,4,タイニープライド,3,54.0,01156,33.9,438,-8,6.0
202210030306,9,5,フォルツァモンド,3,51.0,01199,108.4,392,-6,12.8
202210030306,10,6,ブロセリアンド,3,54.0,01160,26.9,464,-14,5.3
202210030306,11,3,エイシントゥワイス,3,54.0,01116,161.4,426,-2,25.6
202210030306,12,18,クリノフラッグ,3,54.0,01154,128.8,444,-10,17.5
202210030306,13,13,スマイルカット,3,50.0,01187,196.6,386,-4,28.8
202210030306,14,15,トウシンハナ,3,54.0,01018,241.2,424,0,35.0
202210030306,15,10,インアスピン,3,52.0,01185,75.4,488,-6,11.8
202210030306,16,17,ルックスファミリア,3,52.0,01191,231.2,394,0,35.85
202210030306,17,14,バイラプリンセッサ,3,54.0,00894,368.0,472,-8,76.55000000000001
202210030306,18,8,ベラコリーダ,3,54.0,01180,50.1,448,-8,7.0
202210030307,1,11,ヤマニンアンフィル,3,50.0,01193,5.6,452,-6,2.2
202210030307,2,4,メイショウソラフネ,3,53.0,01199,2.7,442,+2,1.5
202210030307,3,5,ミキネス,3,54.0,01154,29.8,458,-2,6.35
202210030307,4,6,ホワールウィンド,3,54.0,01191,32.3,464,+4,9.1
202210030307,5,8,タガノタンゴ,3,56.0,01174,6.4,438,+2,1.8
202210030307,6,7,ムーンガーデン,3,56.0,01018,7.6,460,-4,2.2
202210030307,7,15,エイシングラール,3,54.0,01168,57.6,454,0,12.25
202210030307,8,10,アスターデカゴン,3,53.0,01172,117.4,476,-10,20.05
202210030307,9,14,カワキタオルゴ,3,51.0,01195,39.3,482,-6,7.5
202210030307,10,13,ヒロシゲダンディ,3,55.0,01176,4.6,486,-6,1.8
202210030307,11,1,ツーボンド,3,54.0,01019,76.4,428,+6,19.25
202210030307,12,18,メイショウサキガケ,3,56.0,01180,82.8,448,+6,18.7
202210030307,13,16,スカイストーリー,3,52.0,01185,257.5,478,0,51.7
202210030307,14,2,キンプウ,3,54.0,01142,208.7,460,0,50.1
202210030307,15,12,アンナアラジン,3,54.0,00732,73.6,408,-2,13.9
202210030307,16,17,ウォーターパンドラ,3,54.0,01160,110.5,446,+12,22.549999999999997
202210030307,17,9,エルドラゴ,3,56.0,05429,42.1,462,0,9.9
202210030307,18,3,クイーンアント,3,50.0,01187,138.0,396,-4,26.799999999999997
202210030308,1,2,タガノクリステル,3,52.0,01126,5.6,474,-4,1.8
202210030308,2,15,マテンロウルビー,4,55.0,01102,55.3,446,-2,9.45
202210030308,3,12,タガノカンデラ,3,52.0,01147,68.7,446,-8,12.9
202210030308,4,6,ルクスレガート,3,50.0,01185,21.6,424,-4,5.1
202210030308,5,10,ウォーターウキウキ,5,55.0,01154,20.0,468,+2,4.95
202210030308,6,16,イッツユアタイム,4,51.0,01193,6.4,460,+8,2.2
202210030308,7,4,アイスヴィスタ,5,52.0,01199,15.6,478,-4,3.5
202210030308,8,13,クリノニキータ,5,55.0,00732,34.3,466,-20,6.15
202210030308,9,3,パレドジュスティス,4,54.0,01176,129.6,454,+10,24.65
202210030308,10,5,アキュートガール,3,49.0,01187,75.7,452,+10,19.45
202210030308,11,1,フォレクラフト,3,52.0,01180,77.2,468,-2,12.35
202210030308,12,14,グレナデンシロップ,3,50.0,01191,165.9,422,-14,39.85
202210030308,13,7,トーホウジュナール,4,55.0,01174,23.2,486,+14,5.25
202210030308,14,9,エトワールジェンヌ,3,52.0,01171,10.4,496,+12,3.25
202210030308,15,8,ネイト,3,52.0,01018,10.3,418,-2,3.4
202210030308,16,11,ローラスノビリス,3,52.0,01014,2.3,470,+10,1.4500000000000002
202210030309,1,7,ヴァモスロード,3,54.0,00732,2.9,514,-4,1.4
202210030309,2,10,マテンロウスカイ,3,54.0,00660,2.1,486,+6,1.15
202210030309,3,9,アウサンガテ,5,57.0,01088,13.4,446,+10,2.95
202210030309,4,1,アメイジングタイム,4,57.0,01116,42.9,442,-2,6.65
202210030309,5,11,ヴェールランス,3,54.0,01014,4.9,436,-4,1.85
202210030309,6,3,カレンマックナイト,3,54.0,01138,92.5,428,+6,10.45
202210030309,7,8,グルーヴビート,4,57.0,01174,30.9,480,-8,5.0
202210030309,8,5,サトノスカイターフ,4,57.0,01160,19.9,490,-6,3.4499999999999997
202210030309,9,2,タガノバルコス,3,54.0,01019,42.9,472,-6,6.3
202210030309,10,4,ヒロシクン,3,54.0,01018,53.7,530,0,9.85
202210030310,1,3,アラジンバローズ,5,57.0,01171,4.9,476,-6,1.85
202210030310,2,2,トウセツ,3,54.0,00732,2.3,480,+2,1.35
202210030310,3,8,タイキドミニオン,4,57.0,01088,4.0,526,+2,1.7
202210030310,4,5,フェブタイズ,6,57.0,01126,37.8,522,+2,6.2
202210030310,5,11,ゼンノミチザネ,4,57.0,01019,15.4,458,+8,3.4000000000000004
202210030310,6,9,モンサンイルベント,5,57.0,01102,72.2,496,-4,13.7
202210030310,7,10,ナムラゴロフキン,5,57.0,01018,46.6,508,-10,7.9
202210030310,8,12,ヒミノフラッシュ,4,57.0,01014,13.0,536,-2,3.4000000000000004
202210030310,9,4,シゲルヒカルダイヤ,6,57.0,01174,8.5,524,-4,2.1
202210030310,10,1,オーバーリミット,5,57.0,01191,138.7,506,-6,18.65
202210030310,11,6,ドルチェリア,9,57.0,00894,87.6,500,-4,8.899999999999999
202210030310,12,7,レッドレビン,5,57.0,01168,31.4,488,-14,6.75
202210030311,1,3,ジャスパーウィン,7,57.0,01191,7.5,504,0,2.4
202210030311,2,1,プラチナムレイアー,4,57.0,01171,17.5,484,0,3.8
202210030311,3,9,ジゲン,5,57.0,01174,4.3,464,0,1.6
202210030311,4,6,アッティーヴォ,8,57.0,01126,6.5,458,+2,2.1
202210030311,5,2,ラホーヤノキセキ,8,57.0,01185,10.9,498,0,2.65
202210030311,6,10,ペプチドヤマト,3,54.0,01154,2.1,476,+4,1.25
202210030311,7,4,サウンドカナロア,6,57.0,01018,21.1,460,-8,5.15
202210030311,8,8,レジェモー,5,55.0,01156,66.0,434,-10,10.6
202210030311,9,11,チェリーブリーズ,5,55.0,01061,144.6,476,-6,18.8
202210030311,10,7,タマモヒメギミ,4,55.0,01019,19.4,490,-10,4.15
202210030311,11,5,ダイセンハッピー,4,55.0,01160,119.7,484,+4,16.4
202210030312,1,5,エイシンスポッター,3,51.0,01199,11.4,484,+2,3.1500000000000004
202210030312,2,8,トリップトゥムーン,3,54.0,01014,5.6,450,+2,2.0
202210030312,3,12,ジョーブリッランテ,3,54.0,01180,26.7,500,+6,6.35
202210030312,4,11,インプロバイザー,3,54.0,01154,8.8,466,+10,2.75
202210030312,5,13,ジューンヨシツネ,3,52.0,01191,33.2,464,+2,7.699999999999999
202210030312,6,9,エイシンピクセル,4,55.0,01018,4.2,456,-4,1.65
202210030312,7,4,ゴットゴーゴー,4,55.0,01168,107.4,466,-2,19.2
202210030312,8,10,マイネルヘルト,5,57.0,01126,108.4,428,+12,15.25
202210030312,9,1,リツィタル,4,53.0,01185,185.6,400,-4,30.8
202210030312,10,7,ザウリ,3,54.0,00732,21.9,502,-8,4.95
202210030312,11,6,ウォータールグラン,3,52.0,01174,3.3,500,0,1.75
202210030312,12,2,メイショウグラニー,3,52.0,01116,5.0,448,+4,1.8
202210030312,13,3,ジューンキララ,3,49.0,01187,150.0,420,-6,26.700000000000003
202202010901,1,2,イコサン,2,54.0,01032,1.1,460,+4,1.05
202202010901,2,3,トラネスハープ,2,54.0,01170,4.9,428,+2,3.8000000000000003
202202010901,3,5,ベッラフロー,2,54.0,01109,14.4,446,+2,7.1499999999999995
202202010901,4,6,スノーパトロール,2,54.0,01127,28.4,484,+4,13.45
202202010901,5,4,エターナルジェイド,2,54.0,01091,27.2,434,+2,11.4
202202010901,6,7,タガノマカロン,2,51.0,01198,117.3,430,+2,97.1
202202010901,7,1,ヘルスケア,2,52.0,01173,80.9,450,-6,51.1
202202010902,1,6,キュートヘスティア,3,54.0,01170,1.6,446,+6,1.1
202202010902,2,11,サバンナチャンス,3,51.0,01192,7.1,468,0,2.6999999999999997
202202010902,3,2,ファンタジックラン,3,52.0,01186,49.5,456,+12,15.7
202202010902,4,5,ルルネージュ,3,54.0,01025,18.4,478,+2,5.35
202202010902,5,8,クリスタルローズ,3,54.0,01127,47.4,480,0,9.9
202202010902,6,12,フェアリーランド,3,54.0,01109,32.5,448,-2,7.85
202202010902,7,10,カルーナブルガリス,3,54.0,01157,4.4,448,-2,2.25
202202010902,8,7,プティアンジュ,3,54.0,05203,59.1,398,+4,16.45
202202010902,9,4,リカステ,3,51.0,01202,113.5,444,-10,40.1
202202010902,10,9,タレントゥーサ,3,54.0,01030,23.3,448,+4,9.3
202202010902,11,3,レクレールドパリ,3,54.0,01032,73.8,476,-4,24.5
202202010902,12,1,クリノニーナ,3,53.0,01181,11.1,428,+8,5.300000000000001
202202010903,1,12,フォンメイリー,3,54.0,01178,3.1,468,-2,1.45
202202010903,2,7,シャンダス,3,56.0,01091,3.3,462,-2,1.45
202202010903,3,6,チアフルモーション,3,54.0,01095,4.0,464,+22,1.75
202202010903,4,13,タマモケンタウルス,3,56.0,01025,13.5,464,-2,3.15
202202010903,5,2,ブレディバンチ,3,51.0,01194,46.3,446,-6,8.4
202202010903,6,1,テンクウノツバサ,3,55.0,01181,15.1,482,+2,3.8
202202010903,7,9,アドマイヤカーム,3,54.0,05203,44.2,436,-2,7.15
202202010903,8,5,ヴィオレントアズル,3,55.0,01182,242.3,410,-4,33.8
202202010903,9,11,モーゲン,3,56.0,01015,285.8,442,0,69.45
202202010903,10,4,ファイナルアンサー,3,51.0,01192,37.9,486,0,6.7
202202010903,11,10,メイショウヒシャ,3,56.0,01062,48.7,522,-4,9.649999999999999
202202010903,12,14,サンウエストウッド,3,56.0,01030,35.8,494,-12,8.0
202202010903,13,8,シュガービート,3,56.0,01140,9.0,450,-2,2.7
202202010903,14,3,ゲーテ,3,54.0,01186,100.6,480,-4,16.75
202202010904,1,8,ナックフローラ,3,52.0,01186,84.1,484,+8,15.799999999999999
202202010904,2,3,シャノワール,3,54.0,01091,5.7,418,0,1.75
202202010904,3,6,ホーリーウェル,3,51.0,01200,41.4,398,-2,9.15
202202010904,4,14,イルモンド,3,54.0,01093,4.9,472,0,1.8
202202010904,5,9,ミラモンテ,3,54.0,01109,27.1,450,-8,6.4
202202010904,6,4,マルアズール,3,54.0,05203,10.5,410,+2,3.8
202202010904,7,7,サクラオーラ,3,54.0,00666,10.2,432,+6,2.8
202202010904,8,2,フレイムリリー,3,54.0,01144,250.9,430,+16,44.45
202202010904,9,13,マニカルニカ,3,54.0,01170,3.6,494,+2,1.75
202202010904,10,10,ヴィルトブリーゼ,3,54.0,01032,15.6,440,+12,5.699999999999999
202202010904,11,12,ディープクイーン,3,54.0,01030,56.8,390,+8,8.3
202202010904,12,1,ユイ,3,54.0,01178,10.6,442,+2,3.3
202202010904,13,11,プラティナマリア,3,54.0,01157,6.8,456,+12,2.9
202202010904,14,5,ゲンパチソル,3,50.0,01190,156.2,450,-6,30.15
202202010905,1,12,アスクドリームモア,2,54.0,01093,4.5,482,0,1.45
202202010905,2,5,トーセンローリエ,2,54.0,01157,12.6,430,0,3.5
202202010905,3,2,サクラトップクリス,2,54.0,01140,27.3,442,0,5.3
202202010905,4,11,タイセイサーマル,2,51.0,01192,60.8,422,0,10.2
202202010905,5,3,セクシーコマンドー,2,54.0,01127,93.6,452,0,16.45
202202010905,6,8,エースオブスペーズ,2,54.0,01032,12.3,456,0,3.05
202202010905,7,1,ラクサパーナ,2,54.0,01170,1.9,434,0,1.2000000000000002
202202010905,8,4,デイズオブドリーム,2,54.0,01091,10.3,400,0,2.6
202202010905,9,10,ビッグヒップ,2,54.0,01144,10.9,432,0,2.25
202202010905,10,9,シャイナライ,2,54.0,01109,227.4,432,0,40.05
202202010905,11,13,チャイボーグ,2,54.0,01025,178.8,470,0,31.55
202202010905,12,7,モルデュール,2,54.0,01133,56.2,456,0,9.2
202202010905,13,6,イズミアマゾネス,2,54.0,05203,92.2,456,0,15.15
202202010906,1,4,アメジストブラック,3,56.0,01093,2.2,520,+4,1.35
202202010906,2,14,マイネルイージス,3,56.0,01091,5.5,476,+4,1.85
202202010906,3,1,モズユウガ,3,56.0,01112,69.4,484,-6,10.45
202202010906,4,12,タフトテソーロ,3,56.0,01157,50.5,468,-2,12.5
202202010906,5,6,シルバーリング,3,54.0,01032,5.0,452,+2,1.85
202202010906,6,7,デザートスター,3,56.0,01109,12.6,464,-2,2.6500000000000004
202202010906,7,8,ロードアライアンス,3,54.0,01186,32.7,428,+2,8.6
202202010906,8,5,ウィズザタイムズ,3,51.0,01192,34.0,446,0,9.5
202202010906,9,10,ルクスレジーナ,3,54.0,01095,16.4,464,+2,4.5
202202010906,10,9,ロードブライト,3,56.0,05203,33.6,504,-2,7.8
202202010906,11,2,ニューヴァージョン,3,56.0,01124,77.0,494,-8,13.4
202202010906,12,3,フレンドオパール,3,52.0,01173,400.1,412,+2,73.6
202202010906,13,13,サトノドルチェ,3,55.0,01182,7.7,474,0,1.95
202202010906,14,11,ララサンシャイン,3,51.0,01200,70.4,404,-4,10.45
202202010907,1,9,イスラアネーロ,3,54.0,05203,3.4,438,+2,1.55
202202010907,2,10,ユスティニアン,4,57.0,01109,3.4,426,-6,1.35
202202010907,3,1,ヨドノゴールド,4,54.0,01177,8.9,476,-4,2.75
202202010907,4,11,ミツカネプルート,3,51.0,01181,24.8,432,-4,8.2
202202010907,5,12,ヤマイチエスポ,3,52.0,01015,56.2,472,+2,12.05
202202010907,6,4,グランデ,3,54.0,01030,15.7,474,+2,4.1
202202010907,7,2,エヴリーサンクス,3,49.0,01202,8.9,480,+8,2.85
202202010907,8,7,チアフルローズ,6,55.0,01025,21.4,492,+4,4.6
202202010907,9,8,キュン,4,55.0,01144,49.3,460,+4,11.75
202202010907,10,6,エバニスタ,3,52.0,01186,4.3,482,+2,1.6
202202010907,11,3,マキアージュ,3,52.0,01091,37.7,458,0,8.149999999999999
202202010907,12,5,コンバットマーチ,5,51.0,01190,145.3,476,-2,21.25
202202010908,1,10,ロードヴァレンチ,3,52.0,01186,2.5,468,+4,1.4
202202010908,2,3,リアルシング,5,57.0,01032,4.7,552,0,1.8
202202010908,3,2,ミラキュラスライト,3,54.0,01170,5.5,482,+2,1.7000000000000002
202202010908,4,6,ヴィクトリオン,4,57.0,01127,119.7,496,-14,23.85
202202010908,5,4,ワンダーアマルフィ,5,57.0,01133,42.7,484,-2,5.55
202202010908,6,7,パーティーベル,3,54.0,01140,3.3,452,-6,1.3
202202010908,7,8,サイモンルグラン,5,57.0,00666,50.1,494,-4,9.85
202202010908,8,1,ソヨギ,5,53.0,01173,124.3,478,+2,19.3
202202010908,9,5,サンレブンワース,3,54.0,01115,76.2,498,-12,11.2
202202010908,10,11,ベネロングポイント,3,53.0,01181,19.3,482,-2,4.25
202202010908,11,9,ジランドール,4,54.0,01192,25.4,532,-8,4.85
202202010909,1,5,フラワリングナイト,5,55.0,01170,7.9,436,-8,3.0
202202010909,2,7,フローレスクイーン,4,55.0,01095,2.6,506,+2,1.75
202202010909,3,2,プリファードラン,4,55.0,01182,77.7,436,0,9.850000000000001
202202010909,4,3,メイショウゲキリン,3,54.0,01032,2.3,502,-2,1.5499999999999998
202202010909,5,6,コアレスロング,4,55.0,01186,64.8,472,+10,17.75
202202010909,6,4,カメハメハタイム,3,54.0,01140,3.5,510,+4,1.6
202202010909,7,1,ポンフー,4,57.0,01109,101.2,500,+3,24.8
202202010910,1,12,ソウテン,3,54.0,01093,3.8,496,-2,1.45
202202010910,2,4,シゲルファンノユメ,3,54.0,01170,6.2,484,0,1.95
202202010910,3,10,アラモードバイオ,4,57.0,01095,11.0,518,+2,3.0999999999999996
202202010910,4,9,ヴィアドロローサ,3,54.0,01140,50.3,452,+4,9.4
202202010910,5,6,ラブリネスオーバー,3,52.0,01200,6.6,500,+2,2.1
202202010910,6,11,ハギノモーリス,3,54.0,01032,2.2,484,+4,1.35
202202010910,7,13,クムシラコ,4,57.0,01025,67.4,464,+2,7.5
202202010910,8,8,メイショウツツジ,4,55.0,01015,95.9,428,0,11.65
202202010910,9,2,アスクキングコング,4,57.0,01115,18.7,444,+4,3.2
202202010910,10,7,ジャガード,4,57.0,01109,293.5,426,-2,42.95
202202010910,11,1,レオパルドミノル,4,57.0,01127,86.9,478,-4,14.600000000000001
202202010910,11,3,マイステージ,4,55.0,01030,148.3,438,-2,24.9
202202010910,13,5,アセンダント,6,55.0,01091,57.2,466,+2,8.65
202202010911,1,2,フルデプスリーダー,5,55.0,01170,16.1,490,-4,4.6
202202010911,2,11,ウェルドーン,4,53.0,00666,21.0,518,+18,5.95
202202010911,3,8,ロードエクレール,4,55.0,01178,6.1,474,-8,2.2
202202010911,4,12,オメガレインボー,6,56.5,01140,3.3,464,-2,1.4500000000000002
202202010911,5,9,プリティーチャンス,5,53.0,01095,7.3,464,-2,2.75
202202010911,6,7,ダンツキャッスル,6,56.0,01144,26.7,476,-10,5.9
202202010911,7,6,ロッシュローブ,5,55.0,01115,5.2,504,0,1.85
202202010911,8,10,ブラックアーメット,4,55.0,01093,6.2,510,+2,2.15
202202010911,9,4,ヴィーダ,7,54.0,01025,118.3,444,-6,21.549999999999997
202202010911,10,1,ペプチドバンブー,7,55.0,01030,123.0,492,-6,19.25
202202010911,11,5,バティスティーニ,9,57.0,01157,27.4,498,-2,7.199999999999999
202202010911,12,14,スマッシャー,4,55.0,05203,27.4,482,+2,8.0
202202010911,13,13,ディサーニング,7,55.0,01032,27.5,506,+4,6.75
202202010911,14,3,リアンヴェリテ,8,57.5,01124,28.7,482,-8,9.3
202202010912,1,4,ドロップオブライト,3,49.0,01202,5.9,442,+2,2.25
202202010912,2,2,ブランデーロック,3,54.0,00666,4.2,460,-10,1.95
202202010912,3,7,メイケイバートン,3,52.0,01186,4.3,456,0,1.6
202202010912,4,12,ボルタドマール,3,53.0,01181,28.4,506,-2,8.0
202202010912,5,3,レインボークラウド,4,55.0,01095,27.7,470,+8,5.6
202202010912,6,11,ピュリフィアン,5,52.0,01192,43.2,430,-2,8.65
202202010912,7,1,ヒルノローザンヌ,3,51.0,01182,8.4,486,+6,2.45
202202010912,8,6,アヴァノス,4,57.0,01127,28.9,456,-2,5.6
202202010912,9,14,ナバロン,3,54.0,01144,13.9,480,+6,4.15
202202010912,10,5,フリートオブフット,3,52.0,01170,3.7,452,+2,1.6
202202010912,11,13,ビップアクア,3,49.0,01177,95.2,434,-4,14.25
202202010912,12,9,リーチザサミット,6,57.0,05243,137.8,460,+18,27.45
202202010912,13,8,タナキーボー,4,54.0,01194,136.0,502,+2,18.35
202202010912,14,10,グランチェイサー,5,57.0,01112,186.1,442,-6,29.9
202203020401,1,7,デストロイ,8,57.0,01196,9.4,500,-8,2.5
202203020401,2,10,ミリタリータンゴ,4,60.0,01035,20.1,456,0,6.6
202203020401,3,6,ジャディード,7,60.0,01059,2.0,460,+10,1.25
202203020401,4,13,リアム,5,60.0,01113,3.8,532,-2,1.65
202203020401,5,8,プリンセスララア,5,58.0,01061,39.7,416,+14,6.05
202203020401,6,5,シーザワールド,9,60.0,01101,33.2,518,+4,7.1499999999999995
202203020401,7,12,コルドゥーン,6,60.0,01023,172.5,450,0,37.75
202203020401,8,11,グラスディアブロ,5,60.0,01120,21.6,474,+10,3.45
202203020401,9,9,ケルト,4,60.0,01068,22.9,468,-2,5.15
202203020401,10,2,カクシン,5,60.0,01139,9.4,514,+2,3.25
202203020401,11,1,グリニッチヴィレジ,9,58.0,01149,14.8,446,+4,2.25
202203020401,12,3,ビレッジシングル,3,58.0,01123,189.5,448,-6,37.2
202203020401,13,4,カード,4,58.0,00727,68.8,448,-20,14.149999999999999
202203020402,1,6,スズノテレサ,3,54.0,01092,9.5,448,-2,3.3
202203020402,2,14,ミニョンルミエール,3,54.0,05212,3.0,434,-8,1.45
202203020402,3,8,ジューンポンポン,3,54.0,01075,2.9,462,-10,1.4
202203020402,4,4,エターナルプライド,3,54.0,01029,7.7,470,+6,1.9
202203020402,5,10,ナカガワフェイス,3,54.0,00422,9.4,486,-6,2.65
202203020402,6,2,トレーネ,3,54.0,01135,113.2,450,-14,11.75
202203020402,7,11,ソルシエール,3,54.0,01077,230.2,442,-2,35.55
202203020402,8,13,ウェイマーク,3,54.0,01179,6.2,488,+2,2.35
202203020402,9,7,シャンダローム,3,54.0,01118,30.9,458,+10,6.2
